
CREATE TABLE `bookings` (
  `booking_id` int(11) NOT NULL,
  `user_id` int(11) NOT NULL,
  `movie_id` int(11) NOT NULL,
  `branch` varchar(255) NOT NULL,
  `hall` varchar(255) NOT NULL,
  `show_time` time NOT NULL,
  `show_date` date NOT NULL,
  `total_price` decimal(10,2) NOT NULL,
  `payment_method` varchar(255) NOT NULL,
  `created_at` timestamp NOT NULL DEFAULT current_timestamp()
) ENGINE=InnoDB DEFAULT CHARSET=utf8mb4 COLLATE=utf8mb4_general_ci;


INSERT INTO `bookings` (`booking_id`, `user_id`, `movie_id`, `branch`, `hall`, `show_time`, `show_date`, `total_price`, `payment_method`, `created_at`) VALUES
(1, 1, 21, 'UTM', '1', '11:00:00', '2024-07-14', 16.00, 'e-wallet', '2024-07-13 17:11:39'),
(2, 1, 21, 'UTM', '1', '11:00:00', '2024-07-14', 16.00, 'fpx', '2024-07-13 17:16:05'),
(3, 1, 21, 'UTM', '1', '11:00:00', '2024-07-14', 48.00, 'e-wallet', '2024-07-13 17:17:00'),
(4, 1, 21, 'UTM', '1', '11:00:00', '2024-07-14', 96.00, 'card', '2024-07-13 17:18:14'),
(5, 1, 21, 'UTM', '1', '11:00:00', '2024-07-14', 32.00, 'card', '2024-07-13 17:19:40'),
(6, 1, 21, 'UTM', '1', '11:00:00', '2024-07-14', 16.00, 'fpx', '2024-07-13 17:21:04'),
(7, 1, 21, 'UTM', '1', '11:00:00', '2024-07-14', 32.00, 'card', '2024-07-13 17:26:37'),
(8, 1, 21, 'UTM', '1', '12:45:00', '2024-07-15', 80.00, 'card', '2024-07-13 17:31:33'),
(9, 1, 21, 'UTM', '1', '11:00:00', '2024-07-14', 32.00, 'card', '2024-07-13 17:33:51'),
(10, 1, 25, 'UTM', '6', '12:00:00', '2024-07-15', 56.00, 'fpx', '2024-07-13 17:37:16'),
(11, 1, 21, 'UTM', '1', '11:00:00', '2024-07-14', 64.00, 'e-wallet', '2024-07-13 17:39:49');

-- --------------------------------------------------------

--
-- Table structure for table `booking_details`
--

CREATE TABLE `booking_details` (
  `detail_id` int(11) NOT NULL,
  `booking_id` int(11) NOT NULL,
  `seat_row` varchar(10) NOT NULL,
  `seat_number` varchar(20) NOT NULL,
  `ticket_type` varchar(50) NOT NULL,
  `price` decimal(10,2) NOT NULL
) ENGINE=InnoDB DEFAULT CHARSET=utf8mb4 COLLATE=utf8mb4_general_ci;

--
-- Dumping data for table `booking_details`
--

INSERT INTO `booking_details` (`detail_id`, `booking_id`, `seat_row`, `seat_number`, `ticket_type`, `price`) VALUES
(1, 2, '3', '7', 'Adult', 16.00),
(2, 3, '3', '3', 'Adult', 16.00),
(3, 3, '3', '4', 'Adult', 16.00),
(4, 3, '3', '5', 'Adult', 16.00),
(5, 4, '4', '3', 'Adult', 16.00),
(6, 4, '4', '4', 'Adult', 16.00),
(7, 4, '4', '5', 'Adult', 16.00),
(8, 4, '4', '7', 'Adult', 16.00),
(9, 4, '4', '8', 'Adult', 16.00),
(10, 4, '4', '9', 'Adult', 16.00),
(11, 5, '5', '4', 'Adult', 16.00),
(12, 5, '5', '5', 'Adult', 16.00),
(13, 6, '5', '7', 'Adult', 16.00),
(14, 7, '5', '3', 'Adult', 16.00),
(15, 7, '5', '2', 'Adult', 16.00),
(16, 8, '4', '3', 'Adult', 16.00),
(17, 8, '4', '4', 'Adult', 16.00),
(18, 8, '4', '5', 'Adult', 16.00),
(19, 8, '4', '7', 'Adult', 16.00),
(20, 8, '4', '8', 'Adult', 16.00),
(21, 9, '5', '8', 'Adult', 16.00),
(22, 9, '5', '9', 'Adult', 16.00),
(23, 10, '4', '3', 'Student', 14.00),
(24, 10, '4', '4', 'Student', 14.00),
(25, 10, '4', '5', 'Student', 14.00),
(26, 10, '4', '2', 'Student', 14.00),
(27, 11, '2', '7', 'Adult', 16.00),
(28, 11, '2', '8', 'Adult', 16.00),
(29, 11, '2', '9', 'Adult', 16.00),
(30, 11, '3', '9', 'Adult', 16.00);

-- --------------------------------------------------------

--
-- Table structure for table `branches`
--

CREATE TABLE `branches` (
  `branch_id` int(11) NOT NULL,
  `name` varchar(100) NOT NULL,
  `location_address` varchar(255) NOT NULL
) ENGINE=InnoDB DEFAULT CHARSET=utf8mb4 COLLATE=utf8mb4_general_ci;

--
-- Dumping data for table `branches`
--

INSERT INTO `branches` (`branch_id`, `name`, `location_address`) VALUES
(1, 'UTM', 'University Teknologi Malaysia, Johor Bahru, Malaysia'),
(2, 'Muar', 'Muar, Johor, Malaysia'),
(3, 'Yong Peng', 'Yong Peng, Johor, Malaysia'),
(4, 'Kota Tinggi', 'Kota Tinggi, Johor, Malaysia'),
(5, 'Cameron Highlands', 'Cameron Highlands, Pahang, Malaysia');

-- --------------------------------------------------------

--
-- Table structure for table `movies`
--

CREATE TABLE `movies` (
  `id` int(11) NOT NULL,
  `title` varchar(255) NOT NULL,
  `description` text DEFAULT NULL,
  `genre` varchar(100) DEFAULT NULL,
  `duration` int(11) DEFAULT NULL
) ENGINE=InnoDB DEFAULT CHARSET=utf8mb4 COLLATE=utf8mb4_general_ci;

--
-- Dumping data for table `movies`
--

INSERT INTO `movies` (`id`, `title`, `description`, `genre`, `duration`) VALUES
(21, 'Gold', 'A riveting sports drama with intense competition.', 'Sports', 126),
(22, 'Fly Me To The Moon', 'A romantic tale of love and dreams.', 'Romance', 132),
(23, 'Indian 2', 'High-octane action sequences and thrilling plot twists.', 'Action', 179),
(24, 'Longlegs', 'A spine-chilling horror with unexpected scares.', 'Horror', 101),
(25, 'Detective Conan: The Million-Dollar Pentagram', 'Detective Conan unravels another complex mystery.', 'Animation', 111),
(26, 'Twisters', 'An action-packed adventure with natural disasters.', 'Action', 122),
(27, 'Despicable Me 4', 'The Minions are back in a hilarious new adventure.', 'Animation', 94),
(28, 'Customs Frontline', 'A gripping action movie about customs officers.', 'Action', 116),
(29, 'A Quiet Place: Day One', 'A suspenseful drama set in a silent world.', 'Drama', 100),
(30, 'Crisis Negotiators', 'Thrilling negotiations and intense action.', 'Action', 121),
(31, 'Inside Out 2', 'The emotions are back in a heartfelt sequel.', 'Animation', 97),
(32, 'Kalki 2898 AD (Tamil)', 'Futuristic action in a sci-fi setting.', 'Action', 181),
(33, 'How To Make Millions Before Grandma Dies', 'A heartwarming drama with a unique premise.', 'Drama', 127),
(34, 'Bad Boys: Ride Or Die', 'High-speed chases and explosive action.', 'Action', 115),
(35, 'I Not Stupid 3', 'A touching drama about family and education.', 'Drama', 133),
(36, 'Project Silence', 'Silent yet action-packed with a gripping plot.', 'Action', 97),
(37, 'Welcome To My Side', 'A deep drama exploring personal relationships.', 'Drama', 103),
(38, 'Marni: The Story of Wawa Gombel', 'Horror rooted in folklore and dark myths.', 'Horror', 120),
(39, 'Ipar Adalah Maut', 'A dramatic narrative filled with intense moments.', 'Drama', 132),
(40, 'Haunted Universities 3', 'University campuses plagued by supernatural events.', 'Horror', 119);

-- --------------------------------------------------------

--
-- Table structure for table `showtimes`
--

CREATE TABLE `showtimes` (
  `id` int(11) NOT NULL,
  `movie_id` int(11) NOT NULL,
  `branch` varchar(255) NOT NULL,
  `hall` int(11) NOT NULL,
  `show_time` time NOT NULL,
  `show_date` date NOT NULL
) ENGINE=InnoDB DEFAULT CHARSET=utf8mb4 COLLATE=utf8mb4_general_ci;

--
-- Dumping data for table `showtimes`
--

INSERT INTO `showtimes` (`id`, `movie_id`, `branch`, `hall`, `show_time`, `show_date`) VALUES
(27497, 21, 'UTM', 1, '21:45:00', '2024-07-13'),
(27498, 21, 'UTM', 2, '19:15:00', '2024-07-13'),
(27499, 21, 'UTM', 3, '11:15:00', '2024-07-13'),
(27500, 22, 'UTM', 1, '16:15:00', '2024-07-13'),
(27501, 22, 'UTM', 2, '13:15:00', '2024-07-13'),
(27502, 22, 'UTM', 3, '23:30:00', '2024-07-13'),
(27503, 23, 'UTM', 1, '11:30:00', '2024-07-13'),
(27504, 23, 'UTM', 2, '22:45:00', '2024-07-13'),
(27505, 23, 'UTM', 3, '13:30:00', '2024-07-13'),
(27506, 24, 'UTM', 3, '21:00:00', '2024-07-13'),
(27507, 24, 'UTM', 4, '16:45:00', '2024-07-13'),
(27508, 24, 'UTM', 5, '20:00:00', '2024-07-13'),
(27509, 25, 'UTM', 4, '22:30:00', '2024-07-13'),
(27510, 25, 'UTM', 5, '23:30:00', '2024-07-13'),
(27511, 25, 'UTM', 6, '12:45:00', '2024-07-13'),
(27512, 26, 'UTM', 3, '18:00:00', '2024-07-13'),
(27513, 26, 'UTM', 6, '17:45:00', '2024-07-13'),
(27514, 27, 'UTM', 4, '10:00:00', '2024-07-13'),
(27515, 27, 'UTM', 6, '20:45:00', '2024-07-13'),
(27516, 28, 'UTM', 5, '18:00:00', '2024-07-13'),
(27517, 28, 'UTM', 6, '15:00:00', '2024-07-13'),
(27518, 29, 'UTM', 2, '16:00:00', '2024-07-13'),
(27519, 29, 'UTM', 5, '10:45:00', '2024-07-13'),
(27520, 30, 'UTM', 1, '18:30:00', '2024-07-13'),
(27521, 31, 'UTM', 4, '14:00:00', '2024-07-13'),
(27522, 31, 'UTM', 5, '15:15:00', '2024-07-13'),
(27523, 33, 'UTM', 6, '10:30:00', '2024-07-13'),
(27524, 37, 'UTM', 4, '12:00:00', '2024-07-13'),
(27525, 37, 'UTM', 5, '13:30:00', '2024-07-13'),
(27526, 40, 'UTM', 2, '10:00:00', '2024-07-13'),
(27527, 21, 'UTM', 1, '11:00:00', '2024-07-14'),
(27528, 21, 'UTM', 2, '22:15:00', '2024-07-14'),
(27529, 21, 'UTM', 3, '13:00:00', '2024-07-14'),
(27530, 22, 'UTM', 1, '18:15:00', '2024-07-14'),
(27531, 22, 'UTM', 3, '21:00:00', '2024-07-14'),
(27532, 22, 'UTM', 4, '20:30:00', '2024-07-14'),
(27533, 23, 'UTM', 1, '22:00:00', '2024-07-14'),
(27534, 23, 'UTM', 2, '16:30:00', '2024-07-14'),
(27535, 23, 'UTM', 3, '17:15:00', '2024-07-14'),
(27536, 24, 'UTM', 1, '16:30:00', '2024-07-14'),
(27537, 24, 'UTM', 2, '14:45:00', '2024-07-14'),
(27538, 24, 'UTM', 4, '18:30:00', '2024-07-14'),
(27539, 25, 'UTM', 2, '11:00:00', '2024-07-14'),
(27540, 25, 'UTM', 4, '13:45:00', '2024-07-14'),
(27541, 25, 'UTM', 5, '17:00:00', '2024-07-14'),
(27542, 26, 'UTM', 5, '10:15:00', '2024-07-14'),
(27543, 26, 'UTM', 6, '14:30:00', '2024-07-14'),
(27544, 27, 'UTM', 5, '14:15:00', '2024-07-14'),
(27545, 27, 'UTM', 6, '18:45:00', '2024-07-14'),
(27546, 28, 'UTM', 4, '11:45:00', '2024-07-14'),
(27547, 28, 'UTM', 5, '20:30:00', '2024-07-14'),
(27548, 28, 'UTM', 6, '12:30:00', '2024-07-14'),
(27549, 29, 'UTM', 4, '16:00:00', '2024-07-14'),
(27550, 29, 'UTM', 5, '22:45:00', '2024-07-14'),
(27551, 30, 'UTM', 6, '21:30:00', '2024-07-14'),
(27552, 38, 'UTM', 3, '23:30:00', '2024-07-14'),
(27553, 38, 'UTM', 4, '22:45:00', '2024-07-14'),
(27554, 21, 'UTM', 1, '12:45:00', '2024-07-15'),
(27555, 21, 'UTM', 2, '22:00:00', '2024-07-15'),
(27556, 21, 'UTM', 3, '13:30:00', '2024-07-15'),
(27557, 22, 'UTM', 2, '16:30:00', '2024-07-15'),
(27558, 22, 'UTM', 3, '21:00:00', '2024-07-15'),
(27559, 22, 'UTM', 4, '15:45:00', '2024-07-15'),
(27560, 23, 'UTM', 4, '21:45:00', '2024-07-15'),
(27561, 23, 'UTM', 5, '18:15:00', '2024-07-15'),
(27562, 23, 'UTM', 6, '15:30:00', '2024-07-15'),
(27563, 24, 'UTM', 1, '16:00:00', '2024-07-15'),
(27564, 24, 'UTM', 2, '13:00:00', '2024-07-15'),
(27565, 24, 'UTM', 5, '10:00:00', '2024-07-15'),
(27566, 25, 'UTM', 4, '12:45:00', '2024-07-15'),
(27567, 25, 'UTM', 5, '11:45:00', '2024-07-15'),
(27568, 25, 'UTM', 6, '12:00:00', '2024-07-15'),
(27569, 26, 'UTM', 1, '18:30:00', '2024-07-15'),
(27570, 26, 'UTM', 2, '10:15:00', '2024-07-15'),
(27571, 26, 'UTM', 3, '17:45:00', '2024-07-15'),
(27572, 27, 'UTM', 6, '22:00:00', '2024-07-15'),
(27573, 28, 'UTM', 4, '19:00:00', '2024-07-15'),
(27574, 28, 'UTM', 5, '23:00:00', '2024-07-15'),
(27575, 28, 'UTM', 6, '10:00:00', '2024-07-15'),
(27576, 30, 'UTM', 5, '13:45:00', '2024-07-15'),
(27577, 30, 'UTM', 6, '18:45:00', '2024-07-15'),
(27578, 33, 'UTM', 1, '21:15:00', '2024-07-15'),
(27579, 33, 'UTM', 3, '23:30:00', '2024-07-15'),
(27580, 36, 'UTM', 3, '11:30:00', '2024-07-15'),
(27581, 38, 'UTM', 1, '10:45:00', '2024-07-15'),
(27582, 38, 'UTM', 2, '19:00:00', '2024-07-15'),
(27583, 21, 'UTM', 1, '17:45:00', '2024-07-16'),
(27584, 21, 'UTM', 2, '20:15:00', '2024-07-16'),
(27585, 21, 'UTM', 3, '11:00:00', '2024-07-16'),
(27586, 22, 'UTM', 1, '13:45:00', '2024-07-16'),
(27587, 22, 'UTM', 2, '13:30:00', '2024-07-16'),
(27588, 22, 'UTM', 3, '23:00:00', '2024-07-16'),
(27589, 23, 'UTM', 4, '22:00:00', '2024-07-16'),
(27590, 23, 'UTM', 5, '18:30:00', '2024-07-16'),
(27591, 23, 'UTM', 6, '19:45:00', '2024-07-16'),
(27592, 24, 'UTM', 1, '21:30:00', '2024-07-16'),
(27593, 24, 'UTM', 2, '15:45:00', '2024-07-16'),
(27594, 24, 'UTM', 3, '19:30:00', '2024-07-16'),
(27595, 26, 'UTM', 4, '10:15:00', '2024-07-16'),
(27596, 26, 'UTM', 6, '17:30:00', '2024-07-16'),
(27597, 27, 'UTM', 1, '16:00:00', '2024-07-16'),
(27598, 28, 'UTM', 5, '14:00:00', '2024-07-16'),
(27599, 28, 'UTM', 6, '10:00:00', '2024-07-16'),
(27600, 29, 'UTM', 1, '23:15:00', '2024-07-16'),
(27601, 29, 'UTM', 2, '18:00:00', '2024-07-16'),
(27602, 29, 'UTM', 5, '21:30:00', '2024-07-16'),
(27603, 31, 'UTM', 6, '13:30:00', '2024-07-16'),
(27604, 32, 'UTM', 3, '14:00:00', '2024-07-16'),
(27605, 32, 'UTM', 4, '13:30:00', '2024-07-16'),
(27606, 32, 'UTM', 5, '10:45:00', '2024-07-16'),
(27607, 35, 'UTM', 1, '10:45:00', '2024-07-16'),
(27608, 36, 'UTM', 2, '10:15:00', '2024-07-16'),
(27609, 39, 'UTM', 2, '22:30:00', '2024-07-16'),
(27610, 21, 'UTM', 1, '22:15:00', '2024-07-17'),
(27611, 21, 'UTM', 2, '11:15:00', '2024-07-17'),
(27612, 21, 'UTM', 3, '14:00:00', '2024-07-17'),
(27613, 22, 'UTM', 1, '10:00:00', '2024-07-17'),
(27614, 22, 'UTM', 2, '22:30:00', '2024-07-17'),
(27615, 22, 'UTM', 3, '20:15:00', '2024-07-17'),
(27616, 23, 'UTM', 2, '17:00:00', '2024-07-17'),
(27617, 23, 'UTM', 4, '21:30:00', '2024-07-17'),
(27618, 23, 'UTM', 5, '10:00:00', '2024-07-17'),
(27619, 24, 'UTM', 1, '16:30:00', '2024-07-17'),
(27620, 24, 'UTM', 5, '20:45:00', '2024-07-17'),
(27621, 24, 'UTM', 6, '11:45:00', '2024-07-17'),
(27622, 25, 'UTM', 4, '18:15:00', '2024-07-17'),
(27623, 25, 'UTM', 6, '18:00:00', '2024-07-17'),
(27624, 26, 'UTM', 3, '23:00:00', '2024-07-17'),
(27625, 26, 'UTM', 4, '13:30:00', '2024-07-17'),
(27626, 26, 'UTM', 5, '14:30:00', '2024-07-17'),
(27627, 28, 'UTM', 3, '11:00:00', '2024-07-17'),
(27628, 29, 'UTM', 5, '18:45:00', '2024-07-17'),
(27629, 31, 'UTM', 1, '13:15:00', '2024-07-17'),
(27630, 31, 'UTM', 4, '11:15:00', '2024-07-17'),
(27631, 32, 'UTM', 6, '21:30:00', '2024-07-17'),
(27632, 33, 'UTM', 6, '14:30:00', '2024-07-17'),
(27633, 34, 'UTM', 1, '19:45:00', '2024-07-17'),
(27634, 34, 'UTM', 2, '14:15:00', '2024-07-17'),
(27635, 36, 'UTM', 4, '16:15:00', '2024-07-17'),
(27636, 37, 'UTM', 5, '16:45:00', '2024-07-17'),
(27637, 21, 'UTM', 1, '16:30:00', '2024-07-18'),
(27638, 21, 'UTM', 2, '12:15:00', '2024-07-18'),
(27639, 21, 'UTM', 3, '18:45:00', '2024-07-18'),
(27640, 22, 'UTM', 1, '22:15:00', '2024-07-18'),
(27641, 22, 'UTM', 2, '14:30:00', '2024-07-18'),
(27642, 22, 'UTM', 3, '15:00:00', '2024-07-18'),
(27643, 23, 'UTM', 1, '11:15:00', '2024-07-18'),
(27644, 23, 'UTM', 2, '20:45:00', '2024-07-18'),
(27645, 23, 'UTM', 4, '18:00:00', '2024-07-18'),
(27646, 24, 'UTM', 3, '22:30:00', '2024-07-18'),
(27647, 24, 'UTM', 5, '21:15:00', '2024-07-18'),
(27648, 24, 'UTM', 6, '15:30:00', '2024-07-18'),
(27649, 25, 'UTM', 1, '20:00:00', '2024-07-18'),
(27650, 25, 'UTM', 4, '23:15:00', '2024-07-18'),
(27651, 25, 'UTM', 5, '10:15:00', '2024-07-18'),
(27652, 26, 'UTM', 3, '11:30:00', '2024-07-18'),
(27653, 26, 'UTM', 4, '13:45:00', '2024-07-18'),
(27654, 26, 'UTM', 5, '13:15:00', '2024-07-18'),
(27655, 27, 'UTM', 6, '12:00:00', '2024-07-18'),
(27656, 28, 'UTM', 6, '17:45:00', '2024-07-18'),
(27657, 29, 'UTM', 5, '23:30:00', '2024-07-18'),
(27658, 30, 'UTM', 5, '15:30:00', '2024-07-18'),
(27659, 30, 'UTM', 6, '21:30:00', '2024-07-18'),
(27660, 31, 'UTM', 4, '12:00:00', '2024-07-18'),
(27661, 33, 'UTM', 2, '17:15:00', '2024-07-18'),
(27662, 21, 'UTM', 1, '19:15:00', '2024-07-19'),
(27663, 21, 'UTM', 2, '22:00:00', '2024-07-19'),
(27664, 21, 'UTM', 3, '13:00:00', '2024-07-19'),
(27665, 22, 'UTM', 2, '11:30:00', '2024-07-19'),
(27666, 22, 'UTM', 4, '22:15:00', '2024-07-19'),
(27667, 22, 'UTM', 5, '20:00:00', '2024-07-19'),
(27668, 23, 'UTM', 1, '22:30:00', '2024-07-19'),
(27669, 23, 'UTM', 2, '17:15:00', '2024-07-19'),
(27670, 23, 'UTM', 3, '21:30:00', '2024-07-19'),
(27671, 24, 'UTM', 1, '16:15:00', '2024-07-19'),
(27672, 24, 'UTM', 4, '15:15:00', '2024-07-19'),
(27673, 24, 'UTM', 5, '14:30:00', '2024-07-19'),
(27674, 25, 'UTM', 3, '16:15:00', '2024-07-19'),
(27675, 25, 'UTM', 5, '10:00:00', '2024-07-19'),
(27676, 25, 'UTM', 6, '12:45:00', '2024-07-19'),
(27677, 27, 'UTM', 6, '20:15:00', '2024-07-19'),
(27678, 28, 'UTM', 5, '12:30:00', '2024-07-19'),
(27679, 29, 'UTM', 1, '13:15:00', '2024-07-19'),
(27680, 29, 'UTM', 3, '10:00:00', '2024-07-19'),
(27681, 29, 'UTM', 4, '18:45:00', '2024-07-19'),
(27682, 31, 'UTM', 6, '18:15:00', '2024-07-19'),
(27683, 34, 'UTM', 6, '15:45:00', '2024-07-19'),
(27684, 35, 'UTM', 4, '10:15:00', '2024-07-19'),
(27685, 37, 'UTM', 4, '17:00:00', '2024-07-19'),
(27686, 37, 'UTM', 6, '22:00:00', '2024-07-19'),
(27687, 40, 'UTM', 1, '10:45:00', '2024-07-19'),
(27688, 40, 'UTM', 4, '13:15:00', '2024-07-19'),
(27689, 21, 'Muar', 1, '14:30:00', '2024-07-13'),
(27690, 21, 'Muar', 2, '15:00:00', '2024-07-13'),
(27691, 21, 'Muar', 3, '15:30:00', '2024-07-13'),
(27692, 22, 'Muar', 1, '21:30:00', '2024-07-13'),
(27693, 22, 'Muar', 4, '11:15:00', '2024-07-13'),
(27694, 22, 'Muar', 5, '12:00:00', '2024-07-13'),
(27695, 23, 'Muar', 2, '23:15:00', '2024-07-13'),
(27696, 23, 'Muar', 3, '22:30:00', '2024-07-13'),
(27697, 23, 'Muar', 4, '22:45:00', '2024-07-13'),
(27698, 24, 'Muar', 1, '16:45:00', '2024-07-13'),
(27699, 24, 'Muar', 3, '10:45:00', '2024-07-13'),
(27700, 24, 'Muar', 4, '21:00:00', '2024-07-13'),
(27701, 25, 'Muar', 5, '15:15:00', '2024-07-13'),
(27702, 25, 'Muar', 6, '21:30:00', '2024-07-13'),
(27703, 26, 'Muar', 1, '19:00:00', '2024-07-13'),
(27704, 26, 'Muar', 2, '19:15:00', '2024-07-13'),
(27705, 26, 'Muar', 5, '21:15:00', '2024-07-13'),
(27706, 27, 'Muar', 1, '11:15:00', '2024-07-13'),
(27707, 27, 'Muar', 2, '10:15:00', '2024-07-13'),
(27708, 27, 'Muar', 4, '15:45:00', '2024-07-13'),
(27709, 28, 'Muar', 6, '16:15:00', '2024-07-13'),
(27710, 30, 'Muar', 6, '10:30:00', '2024-07-13'),
(27711, 31, 'Muar', 3, '17:45:00', '2024-07-13'),
(27712, 33, 'Muar', 6, '19:15:00', '2024-07-13'),
(27713, 34, 'Muar', 4, '18:00:00', '2024-07-13'),
(27714, 35, 'Muar', 3, '12:30:00', '2024-07-13'),
(27715, 21, 'Muar', 1, '11:30:00', '2024-07-14'),
(27716, 21, 'Muar', 2, '10:00:00', '2024-07-14'),
(27717, 21, 'Muar', 3, '23:30:00', '2024-07-14'),
(27718, 22, 'Muar', 1, '22:00:00', '2024-07-14'),
(27719, 22, 'Muar', 2, '19:00:00', '2024-07-14'),
(27720, 22, 'Muar', 3, '20:00:00', '2024-07-14'),
(27721, 23, 'Muar', 1, '16:15:00', '2024-07-14'),
(27722, 23, 'Muar', 3, '15:15:00', '2024-07-14'),
(27723, 23, 'Muar', 4, '21:30:00', '2024-07-14'),
(27724, 24, 'Muar', 3, '11:30:00', '2024-07-14'),
(27725, 24, 'Muar', 4, '11:15:00', '2024-07-14'),
(27726, 24, 'Muar', 5, '13:00:00', '2024-07-14'),
(27727, 25, 'Muar', 2, '16:45:00', '2024-07-14'),
(27728, 25, 'Muar', 6, '13:15:00', '2024-07-14'),
(27729, 26, 'Muar', 1, '19:45:00', '2024-07-14'),
(27730, 26, 'Muar', 4, '13:00:00', '2024-07-14'),
(27731, 26, 'Muar', 5, '14:45:00', '2024-07-14'),
(27732, 27, 'Muar', 4, '18:15:00', '2024-07-14'),
(27733, 27, 'Muar', 5, '17:30:00', '2024-07-14'),
(27734, 27, 'Muar', 6, '23:00:00', '2024-07-14'),
(27735, 28, 'Muar', 6, '10:15:00', '2024-07-14'),
(27736, 29, 'Muar', 5, '22:30:00', '2024-07-14'),
(27737, 31, 'Muar', 2, '22:30:00', '2024-07-14'),
(27738, 31, 'Muar', 6, '20:45:00', '2024-07-14'),
(27739, 32, 'Muar', 2, '12:45:00', '2024-07-14'),
(27740, 33, 'Muar', 4, '15:45:00', '2024-07-14'),
(27741, 36, 'Muar', 3, '18:15:00', '2024-07-14'),
(27742, 38, 'Muar', 6, '17:30:00', '2024-07-14'),
(27743, 21, 'Muar', 1, '15:45:00', '2024-07-15'),
(27744, 21, 'Muar', 2, '20:00:00', '2024-07-15'),
(27745, 21, 'Muar', 3, '15:30:00', '2024-07-15'),
(27746, 22, 'Muar', 3, '12:15:00', '2024-07-15'),
(27747, 22, 'Muar', 4, '22:00:00', '2024-07-15'),
(27748, 22, 'Muar', 5, '14:00:00', '2024-07-15'),
(27749, 23, 'Muar', 1, '18:30:00', '2024-07-15'),
(27750, 23, 'Muar', 3, '18:00:00', '2024-07-15'),
(27751, 23, 'Muar', 6, '15:00:00', '2024-07-15'),
(27752, 24, 'Muar', 1, '23:00:00', '2024-07-15'),
(27753, 24, 'Muar', 2, '10:00:00', '2024-07-15'),
(27754, 24, 'Muar', 4, '20:15:00', '2024-07-15'),
(27755, 25, 'Muar', 2, '12:30:00', '2024-07-15'),
(27756, 25, 'Muar', 4, '11:30:00', '2024-07-15'),
(27757, 25, 'Muar', 6, '21:45:00', '2024-07-15'),
(27758, 27, 'Muar', 2, '23:30:00', '2024-07-15'),
(27759, 27, 'Muar', 3, '23:15:00', '2024-07-15'),
(27760, 27, 'Muar', 4, '14:45:00', '2024-07-15'),
(27761, 29, 'Muar', 1, '10:30:00', '2024-07-15'),
(27762, 30, 'Muar', 5, '16:15:00', '2024-07-15'),
(27763, 31, 'Muar', 1, '12:15:00', '2024-07-15'),
(27764, 31, 'Muar', 2, '17:45:00', '2024-07-15'),
(27765, 31, 'Muar', 5, '19:45:00', '2024-07-15'),
(27766, 32, 'Muar', 6, '10:15:00', '2024-07-15'),
(27767, 36, 'Muar', 2, '15:15:00', '2024-07-15'),
(27768, 37, 'Muar', 5, '11:00:00', '2024-07-15'),
(27769, 40, 'Muar', 3, '10:15:00', '2024-07-15'),
(27770, 40, 'Muar', 5, '22:30:00', '2024-07-15'),
(27771, 40, 'Muar', 6, '19:15:00', '2024-07-15'),
(27772, 21, 'Muar', 1, '11:30:00', '2024-07-16'),
(27773, 21, 'Muar', 2, '14:00:00', '2024-07-16'),
(27774, 21, 'Muar', 3, '17:15:00', '2024-07-16'),
(27775, 22, 'Muar', 1, '15:00:00', '2024-07-16'),
(27776, 22, 'Muar', 2, '10:30:00', '2024-07-16'),
(27777, 22, 'Muar', 3, '14:00:00', '2024-07-16'),
(27778, 23, 'Muar', 4, '23:15:00', '2024-07-16'),
(27779, 23, 'Muar', 5, '20:30:00', '2024-07-16'),
(27780, 23, 'Muar', 6, '16:00:00', '2024-07-16'),
(27781, 24, 'Muar', 1, '18:45:00', '2024-07-16'),
(27782, 24, 'Muar', 3, '22:00:00', '2024-07-16'),
(27783, 24, 'Muar', 4, '13:45:00', '2024-07-16'),
(27784, 25, 'Muar', 1, '20:30:00', '2024-07-16'),
(27785, 25, 'Muar', 2, '20:15:00', '2024-07-16'),
(27786, 25, 'Muar', 5, '16:30:00', '2024-07-16'),
(27787, 26, 'Muar', 6, '20:30:00', '2024-07-16'),
(27788, 27, 'Muar', 2, '18:30:00', '2024-07-16'),
(27789, 27, 'Muar', 3, '10:30:00', '2024-07-16'),
(27790, 27, 'Muar', 4, '21:15:00', '2024-07-16'),
(27791, 28, 'Muar', 5, '13:00:00', '2024-07-16'),
(27792, 29, 'Muar', 4, '17:15:00', '2024-07-16'),
(27793, 29, 'Muar', 6, '14:00:00', '2024-07-16'),
(27794, 30, 'Muar', 2, '22:45:00', '2024-07-16'),
(27795, 34, 'Muar', 6, '11:00:00', '2024-07-16'),
(27796, 35, 'Muar', 5, '10:30:00', '2024-07-16'),
(27797, 36, 'Muar', 4, '10:45:00', '2024-07-16'),
(27798, 38, 'Muar', 1, '23:15:00', '2024-07-16'),
(27799, 39, 'Muar', 6, '23:30:00', '2024-07-16'),
(27800, 21, 'Muar', 1, '18:15:00', '2024-07-17'),
(27801, 21, 'Muar', 2, '19:00:00', '2024-07-17'),
(27802, 21, 'Muar', 3, '15:15:00', '2024-07-17'),
(27803, 22, 'Muar', 1, '15:15:00', '2024-07-17'),
(27804, 22, 'Muar', 2, '23:30:00', '2024-07-17'),
(27805, 22, 'Muar', 3, '18:00:00', '2024-07-17'),
(27806, 23, 'Muar', 2, '11:30:00', '2024-07-17'),
(27807, 23, 'Muar', 3, '11:15:00', '2024-07-17'),
(27808, 23, 'Muar', 4, '20:30:00', '2024-07-17'),
(27809, 24, 'Muar', 1, '13:15:00', '2024-07-17'),
(27810, 24, 'Muar', 2, '16:30:00', '2024-07-17'),
(27811, 24, 'Muar', 4, '18:15:00', '2024-07-17'),
(27812, 25, 'Muar', 4, '10:00:00', '2024-07-17'),
(27813, 25, 'Muar', 5, '15:45:00', '2024-07-17'),
(27814, 25, 'Muar', 6, '23:30:00', '2024-07-17'),
(27815, 26, 'Muar', 3, '20:15:00', '2024-07-17'),
(27816, 26, 'Muar', 5, '21:15:00', '2024-07-17'),
(27817, 26, 'Muar', 6, '12:45:00', '2024-07-17'),
(27818, 27, 'Muar', 4, '13:15:00', '2024-07-17'),
(27819, 28, 'Muar', 5, '13:15:00', '2024-07-17'),
(27820, 29, 'Muar', 1, '22:30:00', '2024-07-17'),
(27821, 29, 'Muar', 6, '20:15:00', '2024-07-17'),
(27822, 31, 'Muar', 6, '10:30:00', '2024-07-17'),
(27823, 36, 'Muar', 5, '19:30:00', '2024-07-17'),
(27824, 38, 'Muar', 1, '11:15:00', '2024-07-17'),
(27825, 21, 'Muar', 1, '14:30:00', '2024-07-18'),
(27826, 21, 'Muar', 2, '16:15:00', '2024-07-18'),
(27827, 21, 'Muar', 3, '21:00:00', '2024-07-18'),
(27828, 22, 'Muar', 1, '22:30:00', '2024-07-18'),
(27829, 22, 'Muar', 3, '11:30:00', '2024-07-18'),
(27830, 22, 'Muar', 4, '20:45:00', '2024-07-18'),
(27831, 23, 'Muar', 5, '12:15:00', '2024-07-18'),
(27832, 23, 'Muar', 6, '22:30:00', '2024-07-18'),
(27833, 24, 'Muar', 2, '14:00:00', '2024-07-18'),
(27834, 24, 'Muar', 4, '13:30:00', '2024-07-18'),
(27835, 24, 'Muar', 5, '20:45:00', '2024-07-18'),
(27836, 25, 'Muar', 1, '12:30:00', '2024-07-18'),
(27837, 25, 'Muar', 2, '11:00:00', '2024-07-18'),
(27838, 25, 'Muar', 3, '17:15:00', '2024-07-18'),
(27839, 26, 'Muar', 6, '13:00:00', '2024-07-18'),
(27840, 27, 'Muar', 1, '10:15:00', '2024-07-18'),
(27841, 27, 'Muar', 3, '15:15:00', '2024-07-18'),
(27842, 27, 'Muar', 5, '23:15:00', '2024-07-18'),
(27843, 29, 'Muar', 1, '20:15:00', '2024-07-18'),
(27844, 29, 'Muar', 4, '15:15:00', '2024-07-18'),
(27845, 29, 'Muar', 6, '19:00:00', '2024-07-18'),
(27846, 30, 'Muar', 1, '17:30:00', '2024-07-18'),
(27847, 31, 'Muar', 2, '19:00:00', '2024-07-18'),
(27848, 31, 'Muar', 4, '10:00:00', '2024-07-18'),
(27849, 34, 'Muar', 4, '23:15:00', '2024-07-18'),
(27850, 34, 'Muar', 6, '15:30:00', '2024-07-18'),
(27851, 35, 'Muar', 2, '21:00:00', '2024-07-18'),
(27852, 35, 'Muar', 4, '18:15:00', '2024-07-18'),
(27853, 40, 'Muar', 2, '23:15:00', '2024-07-18'),
(27854, 21, 'Muar', 1, '13:15:00', '2024-07-19'),
(27855, 21, 'Muar', 2, '14:30:00', '2024-07-19'),
(27856, 21, 'Muar', 3, '22:15:00', '2024-07-19'),
(27857, 22, 'Muar', 2, '22:30:00', '2024-07-19'),
(27858, 22, 'Muar', 3, '17:00:00', '2024-07-19'),
(27859, 22, 'Muar', 4, '15:00:00', '2024-07-19'),
(27860, 23, 'Muar', 1, '20:30:00', '2024-07-19'),
(27861, 23, 'Muar', 3, '11:15:00', '2024-07-19'),
(27862, 23, 'Muar', 4, '19:15:00', '2024-07-19'),
(27863, 24, 'Muar', 1, '10:30:00', '2024-07-19'),
(27864, 24, 'Muar', 2, '12:00:00', '2024-07-19'),
(27865, 24, 'Muar', 4, '23:30:00', '2024-07-19'),
(27866, 25, 'Muar', 1, '23:30:00', '2024-07-19'),
(27867, 25, 'Muar', 4, '12:00:00', '2024-07-19'),
(27868, 25, 'Muar', 5, '18:15:00', '2024-07-19'),
(27869, 26, 'Muar', 6, '12:45:00', '2024-07-19'),
(27870, 27, 'Muar', 2, '19:00:00', '2024-07-19'),
(27871, 27, 'Muar', 4, '10:00:00', '2024-07-19'),
(27872, 27, 'Muar', 5, '23:00:00', '2024-07-19'),
(27873, 28, 'Muar', 6, '21:30:00', '2024-07-19'),
(27874, 29, 'Muar', 5, '20:45:00', '2024-07-19'),
(27875, 30, 'Muar', 3, '19:30:00', '2024-07-19'),
(27876, 30, 'Muar', 5, '10:15:00', '2024-07-19'),
(27877, 30, 'Muar', 6, '19:00:00', '2024-07-19'),
(27878, 31, 'Muar', 1, '18:30:00', '2024-07-19'),
(27879, 31, 'Muar', 5, '14:00:00', '2024-07-19'),
(27880, 33, 'Muar', 1, '16:00:00', '2024-07-19'),
(27881, 34, 'Muar', 6, '10:45:00', '2024-07-19'),
(27882, 36, 'Muar', 6, '16:15:00', '2024-07-19'),
(27883, 39, 'Muar', 2, '16:45:00', '2024-07-19'),
(27884, 21, 'Yong Peng', 1, '20:45:00', '2024-07-13'),
(27885, 21, 'Yong Peng', 2, '14:45:00', '2024-07-13'),
(27886, 21, 'Yong Peng', 3, '17:45:00', '2024-07-13'),
(27887, 22, 'Yong Peng', 1, '13:15:00', '2024-07-13'),
(27888, 22, 'Yong Peng', 2, '17:30:00', '2024-07-13'),
(27889, 22, 'Yong Peng', 4, '19:00:00', '2024-07-13'),
(27890, 23, 'Yong Peng', 1, '17:45:00', '2024-07-13'),
(27891, 23, 'Yong Peng', 2, '20:45:00', '2024-07-13'),
(27892, 23, 'Yong Peng', 4, '21:15:00', '2024-07-13'),
(27893, 24, 'Yong Peng', 1, '10:30:00', '2024-07-13'),
(27894, 24, 'Yong Peng', 2, '12:30:00', '2024-07-13'),
(27895, 24, 'Yong Peng', 3, '21:30:00', '2024-07-13'),
(27896, 25, 'Yong Peng', 5, '11:15:00', '2024-07-13'),
(27897, 25, 'Yong Peng', 6, '23:30:00', '2024-07-13'),
(27898, 26, 'Yong Peng', 3, '13:30:00', '2024-07-13'),
(27899, 26, 'Yong Peng', 5, '18:15:00', '2024-07-13'),
(27900, 26, 'Yong Peng', 6, '16:45:00', '2024-07-13'),
(27901, 27, 'Yong Peng', 4, '17:00:00', '2024-07-13'),
(27902, 27, 'Yong Peng', 6, '19:15:00', '2024-07-13'),
(27903, 28, 'Yong Peng', 5, '16:15:00', '2024-07-13'),
(27904, 28, 'Yong Peng', 6, '13:15:00', '2024-07-13'),
(27905, 29, 'Yong Peng', 1, '23:15:00', '2024-07-13'),
(27906, 29, 'Yong Peng', 4, '12:30:00', '2024-07-13'),
(27907, 29, 'Yong Peng', 5, '21:15:00', '2024-07-13'),
(27908, 30, 'Yong Peng', 4, '10:00:00', '2024-07-13'),
(27909, 30, 'Yong Peng', 5, '13:45:00', '2024-07-13'),
(27910, 36, 'Yong Peng', 3, '23:15:00', '2024-07-13'),
(27911, 36, 'Yong Peng', 6, '10:45:00', '2024-07-13'),
(27912, 38, 'Yong Peng', 3, '15:45:00', '2024-07-13'),
(27913, 21, 'Yong Peng', 1, '16:30:00', '2024-07-14'),
(27914, 21, 'Yong Peng', 2, '21:30:00', '2024-07-14'),
(27915, 21, 'Yong Peng', 3, '12:30:00', '2024-07-14'),
(27916, 22, 'Yong Peng', 2, '10:15:00', '2024-07-14'),
(27917, 22, 'Yong Peng', 3, '17:45:00', '2024-07-14'),
(27918, 22, 'Yong Peng', 4, '14:45:00', '2024-07-14'),
(27919, 23, 'Yong Peng', 1, '19:15:00', '2024-07-14'),
(27920, 23, 'Yong Peng', 4, '21:30:00', '2024-07-14'),
(27921, 23, 'Yong Peng', 5, '21:15:00', '2024-07-14'),
(27922, 24, 'Yong Peng', 2, '13:15:00', '2024-07-14'),
(27923, 24, 'Yong Peng', 4, '13:00:00', '2024-07-14'),
(27924, 24, 'Yong Peng', 5, '10:00:00', '2024-07-14'),
(27925, 25, 'Yong Peng', 1, '12:00:00', '2024-07-14'),
(27926, 25, 'Yong Peng', 2, '17:45:00', '2024-07-14'),
(27927, 25, 'Yong Peng', 6, '23:00:00', '2024-07-14'),
(27928, 26, 'Yong Peng', 3, '22:30:00', '2024-07-14'),
(27929, 26, 'Yong Peng', 5, '16:00:00', '2024-07-14'),
(27930, 27, 'Yong Peng', 3, '10:15:00', '2024-07-14'),
(27931, 27, 'Yong Peng', 4, '19:45:00', '2024-07-14'),
(27932, 27, 'Yong Peng', 6, '21:00:00', '2024-07-14'),
(27933, 28, 'Yong Peng', 6, '16:45:00', '2024-07-14'),
(27934, 29, 'Yong Peng', 3, '20:15:00', '2024-07-14'),
(27935, 34, 'Yong Peng', 5, '18:45:00', '2024-07-14'),
(27936, 36, 'Yong Peng', 6, '19:00:00', '2024-07-14'),
(27937, 38, 'Yong Peng', 1, '23:15:00', '2024-07-14'),
(27938, 38, 'Yong Peng', 3, '15:30:00', '2024-07-14'),
(27939, 38, 'Yong Peng', 6, '13:30:00', '2024-07-14'),
(27940, 21, 'Yong Peng', 1, '12:00:00', '2024-07-15'),
(27941, 21, 'Yong Peng', 2, '17:15:00', '2024-07-15'),
(27942, 21, 'Yong Peng', 3, '16:00:00', '2024-07-15'),
(27943, 22, 'Yong Peng', 1, '14:15:00', '2024-07-15'),
(27944, 22, 'Yong Peng', 2, '22:00:00', '2024-07-15'),
(27945, 22, 'Yong Peng', 4, '13:45:00', '2024-07-15'),
(27946, 23, 'Yong Peng', 1, '23:30:00', '2024-07-15'),
(27947, 23, 'Yong Peng', 3, '23:15:00', '2024-07-15'),
(27948, 23, 'Yong Peng', 4, '17:00:00', '2024-07-15'),
(27949, 24, 'Yong Peng', 5, '21:45:00', '2024-07-15'),
(27950, 24, 'Yong Peng', 6, '13:45:00', '2024-07-15'),
(27951, 25, 'Yong Peng', 4, '20:45:00', '2024-07-15'),
(27952, 25, 'Yong Peng', 5, '14:45:00', '2024-07-15'),
(27953, 25, 'Yong Peng', 6, '19:30:00', '2024-07-15'),
(27954, 26, 'Yong Peng', 3, '12:00:00', '2024-07-15'),
(27955, 26, 'Yong Peng', 5, '19:00:00', '2024-07-15'),
(27956, 27, 'Yong Peng', 1, '21:30:00', '2024-07-15'),
(27957, 27, 'Yong Peng', 6, '11:00:00', '2024-07-15'),
(27958, 29, 'Yong Peng', 4, '23:00:00', '2024-07-15'),
(27959, 30, 'Yong Peng', 5, '11:30:00', '2024-07-15'),
(27960, 31, 'Yong Peng', 1, '18:15:00', '2024-07-15'),
(27961, 31, 'Yong Peng', 2, '11:45:00', '2024-07-15'),
(27962, 34, 'Yong Peng', 6, '23:15:00', '2024-07-15'),
(27963, 36, 'Yong Peng', 6, '17:30:00', '2024-07-15'),
(27964, 38, 'Yong Peng', 3, '20:45:00', '2024-07-15'),
(27965, 21, 'Yong Peng', 1, '13:30:00', '2024-07-16'),
(27966, 21, 'Yong Peng', 2, '11:30:00', '2024-07-16'),
(27967, 21, 'Yong Peng', 3, '19:45:00', '2024-07-16'),
(27968, 22, 'Yong Peng', 1, '20:15:00', '2024-07-16'),
(27969, 22, 'Yong Peng', 2, '19:45:00', '2024-07-16'),
(27970, 22, 'Yong Peng', 4, '11:30:00', '2024-07-16'),
(27971, 23, 'Yong Peng', 2, '15:45:00', '2024-07-16'),
(27972, 23, 'Yong Peng', 3, '11:15:00', '2024-07-16'),
(27973, 23, 'Yong Peng', 4, '17:00:00', '2024-07-16'),
(27974, 24, 'Yong Peng', 5, '19:30:00', '2024-07-16'),
(27975, 24, 'Yong Peng', 6, '16:45:00', '2024-07-16'),
(27976, 25, 'Yong Peng', 2, '22:45:00', '2024-07-16'),
(27977, 25, 'Yong Peng', 5, '17:00:00', '2024-07-16'),
(27978, 25, 'Yong Peng', 6, '19:15:00', '2024-07-16'),
(27979, 26, 'Yong Peng', 5, '10:45:00', '2024-07-16'),
(27980, 26, 'Yong Peng', 6, '23:15:00', '2024-07-16'),
(27981, 27, 'Yong Peng', 3, '15:45:00', '2024-07-16'),
(27982, 27, 'Yong Peng', 4, '14:00:00', '2024-07-16'),
(27983, 27, 'Yong Peng', 5, '13:15:00', '2024-07-16'),
(27984, 28, 'Yong Peng', 3, '23:30:00', '2024-07-16'),
(27985, 29, 'Yong Peng', 1, '15:45:00', '2024-07-16'),
(27986, 29, 'Yong Peng', 6, '15:00:00', '2024-07-16'),
(27987, 30, 'Yong Peng', 1, '22:30:00', '2024-07-16'),
(27988, 31, 'Yong Peng', 5, '22:30:00', '2024-07-16'),
(27989, 32, 'Yong Peng', 4, '23:30:00', '2024-07-16'),
(27990, 32, 'Yong Peng', 6, '10:00:00', '2024-07-16'),
(27991, 33, 'Yong Peng', 4, '20:30:00', '2024-07-16'),
(27992, 36, 'Yong Peng', 1, '18:30:00', '2024-07-16'),
(27993, 37, 'Yong Peng', 2, '14:00:00', '2024-07-16'),
(27994, 38, 'Yong Peng', 1, '11:30:00', '2024-07-16'),
(27995, 21, 'Yong Peng', 1, '14:45:00', '2024-07-17'),
(27996, 21, 'Yong Peng', 2, '22:30:00', '2024-07-17'),
(27997, 21, 'Yong Peng', 3, '23:30:00', '2024-07-17'),
(27998, 22, 'Yong Peng', 1, '12:30:00', '2024-07-17'),
(27999, 22, 'Yong Peng', 3, '17:00:00', '2024-07-17'),
(28000, 22, 'Yong Peng', 4, '23:15:00', '2024-07-17'),
(28001, 23, 'Yong Peng', 1, '21:15:00', '2024-07-17'),
(28002, 23, 'Yong Peng', 2, '16:15:00', '2024-07-17'),
(28003, 23, 'Yong Peng', 3, '13:45:00', '2024-07-17'),
(28004, 24, 'Yong Peng', 2, '14:15:00', '2024-07-17'),
(28005, 24, 'Yong Peng', 3, '19:15:00', '2024-07-17'),
(28006, 24, 'Yong Peng', 5, '21:00:00', '2024-07-17'),
(28007, 25, 'Yong Peng', 1, '10:15:00', '2024-07-17'),
(28008, 25, 'Yong Peng', 4, '18:15:00', '2024-07-17'),
(28009, 25, 'Yong Peng', 5, '23:30:00', '2024-07-17'),
(28010, 26, 'Yong Peng', 4, '13:15:00', '2024-07-17'),
(28011, 26, 'Yong Peng', 5, '15:30:00', '2024-07-17'),
(28012, 26, 'Yong Peng', 6, '14:30:00', '2024-07-17'),
(28013, 27, 'Yong Peng', 2, '11:00:00', '2024-07-17'),
(28014, 27, 'Yong Peng', 4, '20:45:00', '2024-07-17'),
(28015, 27, 'Yong Peng', 6, '22:15:00', '2024-07-17'),
(28016, 28, 'Yong Peng', 3, '10:30:00', '2024-07-17'),
(28017, 28, 'Yong Peng', 6, '10:45:00', '2024-07-17'),
(28018, 29, 'Yong Peng', 3, '21:30:00', '2024-07-17'),
(28019, 30, 'Yong Peng', 1, '18:45:00', '2024-07-17'),
(28020, 30, 'Yong Peng', 2, '20:15:00', '2024-07-17'),
(28021, 30, 'Yong Peng', 4, '10:30:00', '2024-07-17'),
(28022, 31, 'Yong Peng', 6, '20:30:00', '2024-07-17'),
(28023, 32, 'Yong Peng', 5, '10:15:00', '2024-07-17'),
(28024, 40, 'Yong Peng', 5, '13:30:00', '2024-07-17'),
(28025, 21, 'Yong Peng', 1, '12:45:00', '2024-07-18'),
(28026, 21, 'Yong Peng', 2, '23:15:00', '2024-07-18'),
(28027, 21, 'Yong Peng', 3, '11:15:00', '2024-07-18'),
(28028, 22, 'Yong Peng', 1, '10:15:00', '2024-07-18'),
(28029, 22, 'Yong Peng', 2, '12:30:00', '2024-07-18'),
(28030, 22, 'Yong Peng', 3, '19:45:00', '2024-07-18'),
(28031, 23, 'Yong Peng', 3, '16:00:00', '2024-07-18'),
(28032, 23, 'Yong Peng', 4, '13:45:00', '2024-07-18'),
(28033, 23, 'Yong Peng', 5, '21:30:00', '2024-07-18'),
(28034, 24, 'Yong Peng', 1, '22:15:00', '2024-07-18'),
(28035, 24, 'Yong Peng', 2, '18:15:00', '2024-07-18'),
(28036, 24, 'Yong Peng', 4, '23:00:00', '2024-07-18'),
(28037, 25, 'Yong Peng', 4, '18:45:00', '2024-07-18'),
(28038, 25, 'Yong Peng', 6, '21:00:00', '2024-07-18'),
(28039, 26, 'Yong Peng', 2, '15:15:00', '2024-07-18'),
(28040, 26, 'Yong Peng', 3, '13:45:00', '2024-07-18'),
(28041, 26, 'Yong Peng', 4, '11:30:00', '2024-07-18'),
(28042, 27, 'Yong Peng', 6, '12:15:00', '2024-07-18'),
(28043, 28, 'Yong Peng', 3, '23:30:00', '2024-07-18'),
(28044, 29, 'Yong Peng', 6, '16:45:00', '2024-07-18'),
(28045, 30, 'Yong Peng', 5, '12:15:00', '2024-07-18'),
(28046, 31, 'Yong Peng', 1, '19:45:00', '2024-07-18'),
(28047, 31, 'Yong Peng', 5, '17:00:00', '2024-07-18'),
(28048, 33, 'Yong Peng', 1, '16:15:00', '2024-07-18'),
(28049, 34, 'Yong Peng', 2, '20:00:00', '2024-07-18'),
(28050, 34, 'Yong Peng', 6, '10:00:00', '2024-07-18'),
(28051, 40, 'Yong Peng', 5, '14:30:00', '2024-07-18'),
(28052, 21, 'Yong Peng', 1, '21:15:00', '2024-07-19'),
(28053, 21, 'Yong Peng', 2, '17:15:00', '2024-07-19'),
(28054, 21, 'Yong Peng', 3, '20:30:00', '2024-07-19'),
(28055, 22, 'Yong Peng', 1, '11:30:00', '2024-07-19'),
(28056, 22, 'Yong Peng', 2, '12:30:00', '2024-07-19'),
(28057, 22, 'Yong Peng', 3, '23:15:00', '2024-07-19'),
(28058, 23, 'Yong Peng', 4, '19:45:00', '2024-07-19'),
(28059, 23, 'Yong Peng', 5, '17:00:00', '2024-07-19'),
(28060, 23, 'Yong Peng', 6, '23:30:00', '2024-07-19'),
(28061, 24, 'Yong Peng', 1, '16:30:00', '2024-07-19'),
(28062, 24, 'Yong Peng', 2, '22:15:00', '2024-07-19'),
(28063, 24, 'Yong Peng', 3, '15:45:00', '2024-07-19'),
(28064, 25, 'Yong Peng', 4, '17:45:00', '2024-07-19'),
(28065, 25, 'Yong Peng', 5, '20:45:00', '2024-07-19'),
(28066, 25, 'Yong Peng', 6, '11:30:00', '2024-07-19'),
(28067, 26, 'Yong Peng', 1, '13:45:00', '2024-07-19'),
(28068, 26, 'Yong Peng', 3, '10:30:00', '2024-07-19'),
(28069, 26, 'Yong Peng', 6, '15:00:00', '2024-07-19'),
(28070, 27, 'Yong Peng', 2, '15:00:00', '2024-07-19'),
(28071, 27, 'Yong Peng', 5, '13:00:00', '2024-07-19'),
(28072, 28, 'Yong Peng', 6, '17:30:00', '2024-07-19'),
(28073, 30, 'Yong Peng', 5, '23:30:00', '2024-07-19'),
(28074, 31, 'Yong Peng', 1, '19:00:00', '2024-07-19'),
(28075, 31, 'Yong Peng', 4, '10:45:00', '2024-07-19'),
(28076, 33, 'Yong Peng', 4, '13:30:00', '2024-07-19'),
(28077, 33, 'Yong Peng', 5, '14:45:00', '2024-07-19'),
(28078, 33, 'Yong Peng', 6, '20:30:00', '2024-07-19'),
(28079, 34, 'Yong Peng', 2, '19:45:00', '2024-07-19'),
(28080, 36, 'Yong Peng', 3, '12:45:00', '2024-07-19'),
(28081, 37, 'Yong Peng', 3, '18:45:00', '2024-07-19'),
(28082, 37, 'Yong Peng', 5, '10:45:00', '2024-07-19'),
(28083, 21, 'Kota Tinggi', 1, '15:00:00', '2024-07-13'),
(28084, 21, 'Kota Tinggi', 2, '11:00:00', '2024-07-13'),
(28085, 21, 'Kota Tinggi', 3, '20:45:00', '2024-07-13'),
(28086, 22, 'Kota Tinggi', 1, '19:00:00', '2024-07-13'),
(28087, 22, 'Kota Tinggi', 3, '16:15:00', '2024-07-13'),
(28088, 22, 'Kota Tinggi', 4, '21:30:00', '2024-07-13'),
(28089, 23, 'Kota Tinggi', 1, '12:00:00', '2024-07-13'),
(28090, 23, 'Kota Tinggi', 2, '16:30:00', '2024-07-13'),
(28091, 23, 'Kota Tinggi', 4, '17:15:00', '2024-07-13'),
(28092, 24, 'Kota Tinggi', 1, '23:00:00', '2024-07-13'),
(28093, 24, 'Kota Tinggi', 2, '21:00:00', '2024-07-13'),
(28094, 24, 'Kota Tinggi', 3, '13:30:00', '2024-07-13'),
(28095, 25, 'Kota Tinggi', 2, '14:30:00', '2024-07-13'),
(28096, 25, 'Kota Tinggi', 5, '12:15:00', '2024-07-13'),
(28097, 25, 'Kota Tinggi', 6, '11:15:00', '2024-07-13'),
(28098, 26, 'Kota Tinggi', 6, '20:00:00', '2024-07-13'),
(28099, 27, 'Kota Tinggi', 4, '14:15:00', '2024-07-13'),
(28100, 27, 'Kota Tinggi', 5, '20:45:00', '2024-07-13'),
(28101, 27, 'Kota Tinggi', 6, '15:15:00', '2024-07-13'),
(28102, 28, 'Kota Tinggi', 3, '10:00:00', '2024-07-13'),
(28103, 29, 'Kota Tinggi', 5, '18:00:00', '2024-07-13'),
(28104, 30, 'Kota Tinggi', 5, '10:00:00', '2024-07-13'),
(28105, 31, 'Kota Tinggi', 6, '13:30:00', '2024-07-13'),
(28106, 34, 'Kota Tinggi', 4, '11:15:00', '2024-07-13'),
(28107, 34, 'Kota Tinggi', 5, '23:00:00', '2024-07-13'),
(28108, 35, 'Kota Tinggi', 3, '23:30:00', '2024-07-13'),
(28109, 37, 'Kota Tinggi', 3, '19:00:00', '2024-07-13'),
(28110, 38, 'Kota Tinggi', 6, '23:30:00', '2024-07-13'),
(28111, 21, 'Kota Tinggi', 1, '12:00:00', '2024-07-14'),
(28112, 21, 'Kota Tinggi', 2, '17:15:00', '2024-07-14'),
(28113, 21, 'Kota Tinggi', 3, '12:45:00', '2024-07-14'),
(28114, 22, 'Kota Tinggi', 3, '19:00:00', '2024-07-14'),
(28115, 22, 'Kota Tinggi', 4, '10:45:00', '2024-07-14'),
(28116, 22, 'Kota Tinggi', 5, '10:30:00', '2024-07-14'),
(28117, 23, 'Kota Tinggi', 3, '21:30:00', '2024-07-14'),
(28118, 23, 'Kota Tinggi', 4, '14:00:00', '2024-07-14'),
(28119, 23, 'Kota Tinggi', 5, '15:30:00', '2024-07-14'),
(28120, 24, 'Kota Tinggi', 2, '13:45:00', '2024-07-14'),
(28121, 24, 'Kota Tinggi', 4, '22:00:00', '2024-07-14'),
(28122, 24, 'Kota Tinggi', 5, '20:00:00', '2024-07-14'),
(28123, 25, 'Kota Tinggi', 1, '14:30:00', '2024-07-14'),
(28124, 25, 'Kota Tinggi', 2, '11:30:00', '2024-07-14'),
(28125, 25, 'Kota Tinggi', 3, '15:45:00', '2024-07-14'),
(28126, 26, 'Kota Tinggi', 2, '20:45:00', '2024-07-14'),
(28127, 26, 'Kota Tinggi', 6, '14:30:00', '2024-07-14'),
(28128, 27, 'Kota Tinggi', 6, '19:00:00', '2024-07-14'),
(28129, 28, 'Kota Tinggi', 4, '18:15:00', '2024-07-14'),
(28130, 29, 'Kota Tinggi', 1, '20:30:00', '2024-07-14'),
(28131, 30, 'Kota Tinggi', 3, '10:15:00', '2024-07-14'),
(28132, 30, 'Kota Tinggi', 6, '22:15:00', '2024-07-14'),
(28133, 32, 'Kota Tinggi', 1, '16:45:00', '2024-07-14'),
(28134, 35, 'Kota Tinggi', 5, '22:45:00', '2024-07-14'),
(28135, 36, 'Kota Tinggi', 1, '23:15:00', '2024-07-14'),
(28136, 36, 'Kota Tinggi', 5, '13:45:00', '2024-07-14'),
(28137, 39, 'Kota Tinggi', 6, '11:30:00', '2024-07-14'),
(28138, 21, 'Kota Tinggi', 1, '20:00:00', '2024-07-15'),
(28139, 21, 'Kota Tinggi', 2, '13:30:00', '2024-07-15'),
(28140, 21, 'Kota Tinggi', 3, '22:00:00', '2024-07-15'),
(28141, 22, 'Kota Tinggi', 2, '18:00:00', '2024-07-15'),
(28142, 22, 'Kota Tinggi', 3, '18:15:00', '2024-07-15'),
(28143, 22, 'Kota Tinggi', 4, '16:15:00', '2024-07-15'),
(28144, 23, 'Kota Tinggi', 1, '12:30:00', '2024-07-15'),
(28145, 23, 'Kota Tinggi', 2, '22:00:00', '2024-07-15'),
(28146, 23, 'Kota Tinggi', 5, '18:00:00', '2024-07-15'),
(28147, 24, 'Kota Tinggi', 1, '23:30:00', '2024-07-15'),
(28148, 24, 'Kota Tinggi', 3, '14:15:00', '2024-07-15'),
(28149, 24, 'Kota Tinggi', 4, '21:15:00', '2024-07-15'),
(28150, 25, 'Kota Tinggi', 5, '21:30:00', '2024-07-15'),
(28151, 25, 'Kota Tinggi', 6, '10:00:00', '2024-07-15'),
(28152, 26, 'Kota Tinggi', 6, '13:15:00', '2024-07-15'),
(28153, 28, 'Kota Tinggi', 2, '15:45:00', '2024-07-15'),
(28154, 28, 'Kota Tinggi', 4, '23:30:00', '2024-07-15'),
(28155, 28, 'Kota Tinggi', 6, '22:30:00', '2024-07-15'),
(28156, 29, 'Kota Tinggi', 1, '17:30:00', '2024-07-15'),
(28157, 29, 'Kota Tinggi', 3, '10:45:00', '2024-07-15'),
(28158, 29, 'Kota Tinggi', 4, '10:00:00', '2024-07-15'),
(28159, 30, 'Kota Tinggi', 4, '14:00:00', '2024-07-15'),
(28160, 31, 'Kota Tinggi', 3, '12:30:00', '2024-07-15'),
(28161, 31, 'Kota Tinggi', 5, '15:00:00', '2024-07-15'),
(28162, 31, 'Kota Tinggi', 6, '20:45:00', '2024-07-15'),
(28163, 34, 'Kota Tinggi', 4, '19:00:00', '2024-07-15'),
(28164, 34, 'Kota Tinggi', 5, '12:30:00', '2024-07-15'),
(28165, 34, 'Kota Tinggi', 6, '16:45:00', '2024-07-15'),
(28166, 37, 'Kota Tinggi', 2, '11:00:00', '2024-07-15'),
(28167, 40, 'Kota Tinggi', 5, '10:00:00', '2024-07-15'),
(28168, 21, 'Kota Tinggi', 1, '13:45:00', '2024-07-16'),
(28169, 21, 'Kota Tinggi', 2, '12:45:00', '2024-07-16'),
(28170, 21, 'Kota Tinggi', 3, '12:00:00', '2024-07-16'),
(28171, 22, 'Kota Tinggi', 1, '21:45:00', '2024-07-16'),
(28172, 22, 'Kota Tinggi', 2, '19:45:00', '2024-07-16'),
(28173, 22, 'Kota Tinggi', 3, '23:15:00', '2024-07-16'),
(28174, 23, 'Kota Tinggi', 3, '15:45:00', '2024-07-16'),
(28175, 23, 'Kota Tinggi', 4, '17:45:00', '2024-07-16'),
(28176, 23, 'Kota Tinggi', 5, '21:30:00', '2024-07-16'),
(28177, 24, 'Kota Tinggi', 1, '11:15:00', '2024-07-16'),
(28178, 24, 'Kota Tinggi', 5, '10:15:00', '2024-07-16'),
(28179, 24, 'Kota Tinggi', 6, '17:00:00', '2024-07-16'),
(28180, 25, 'Kota Tinggi', 1, '16:00:00', '2024-07-16'),
(28181, 25, 'Kota Tinggi', 4, '21:45:00', '2024-07-16'),
(28182, 25, 'Kota Tinggi', 5, '19:15:00', '2024-07-16'),
(28183, 26, 'Kota Tinggi', 5, '13:45:00', '2024-07-16'),
(28184, 27, 'Kota Tinggi', 1, '19:15:00', '2024-07-16'),
(28185, 27, 'Kota Tinggi', 2, '17:30:00', '2024-07-16'),
(28186, 27, 'Kota Tinggi', 4, '10:45:00', '2024-07-16'),
(28187, 28, 'Kota Tinggi', 6, '20:15:00', '2024-07-16'),
(28188, 29, 'Kota Tinggi', 2, '22:30:00', '2024-07-16'),
(28189, 29, 'Kota Tinggi', 3, '19:30:00', '2024-07-16'),
(28190, 29, 'Kota Tinggi', 5, '16:00:00', '2024-07-16'),
(28191, 31, 'Kota Tinggi', 4, '12:30:00', '2024-07-16'),
(28192, 32, 'Kota Tinggi', 6, '12:00:00', '2024-07-16'),
(28193, 36, 'Kota Tinggi', 3, '10:00:00', '2024-07-16'),
(28194, 39, 'Kota Tinggi', 2, '15:00:00', '2024-07-16'),
(28195, 21, 'Kota Tinggi', 1, '19:00:00', '2024-07-17'),
(28196, 21, 'Kota Tinggi', 2, '13:30:00', '2024-07-17'),
(28197, 21, 'Kota Tinggi', 3, '20:45:00', '2024-07-17'),
(28198, 22, 'Kota Tinggi', 1, '11:45:00', '2024-07-17'),
(28199, 22, 'Kota Tinggi', 3, '16:00:00', '2024-07-17'),
(28200, 22, 'Kota Tinggi', 4, '10:00:00', '2024-07-17'),
(28201, 23, 'Kota Tinggi', 1, '22:15:00', '2024-07-17'),
(28202, 23, 'Kota Tinggi', 5, '16:00:00', '2024-07-17'),
(28203, 23, 'Kota Tinggi', 6, '19:30:00', '2024-07-17'),
(28204, 24, 'Kota Tinggi', 2, '19:15:00', '2024-07-17'),
(28205, 24, 'Kota Tinggi', 3, '12:30:00', '2024-07-17'),
(28206, 24, 'Kota Tinggi', 4, '22:15:00', '2024-07-17'),
(28207, 25, 'Kota Tinggi', 1, '15:45:00', '2024-07-17'),
(28208, 25, 'Kota Tinggi', 2, '16:30:00', '2024-07-17'),
(28209, 25, 'Kota Tinggi', 3, '10:15:00', '2024-07-17'),
(28210, 26, 'Kota Tinggi', 5, '20:15:00', '2024-07-17'),
(28211, 27, 'Kota Tinggi', 2, '22:00:00', '2024-07-17'),
(28212, 27, 'Kota Tinggi', 4, '14:15:00', '2024-07-17'),
(28213, 28, 'Kota Tinggi', 5, '10:45:00', '2024-07-17'),
(28214, 28, 'Kota Tinggi', 6, '16:00:00', '2024-07-17'),
(28215, 29, 'Kota Tinggi', 2, '11:15:00', '2024-07-17'),
(28216, 29, 'Kota Tinggi', 6, '14:00:00', '2024-07-17'),
(28217, 30, 'Kota Tinggi', 4, '16:15:00', '2024-07-17'),
(28218, 31, 'Kota Tinggi', 6, '22:30:00', '2024-07-17'),
(28219, 32, 'Kota Tinggi', 6, '10:15:00', '2024-07-17'),
(28220, 33, 'Kota Tinggi', 5, '12:45:00', '2024-07-17'),
(28221, 34, 'Kota Tinggi', 4, '19:15:00', '2024-07-17'),
(28222, 36, 'Kota Tinggi', 1, '10:00:00', '2024-07-17'),
(28223, 37, 'Kota Tinggi', 3, '18:45:00', '2024-07-17'),
(28224, 21, 'Kota Tinggi', 1, '23:30:00', '2024-07-18'),
(28225, 21, 'Kota Tinggi', 2, '22:45:00', '2024-07-18'),
(28226, 21, 'Kota Tinggi', 3, '21:30:00', '2024-07-18'),
(28227, 22, 'Kota Tinggi', 1, '15:15:00', '2024-07-18'),
(28228, 22, 'Kota Tinggi', 2, '17:45:00', '2024-07-18'),
(28229, 22, 'Kota Tinggi', 3, '14:15:00', '2024-07-18'),
(28230, 23, 'Kota Tinggi', 1, '12:15:00', '2024-07-18'),
(28231, 23, 'Kota Tinggi', 4, '10:00:00', '2024-07-18'),
(28232, 23, 'Kota Tinggi', 5, '15:00:00', '2024-07-18'),
(28233, 24, 'Kota Tinggi', 2, '14:15:00', '2024-07-18'),
(28234, 24, 'Kota Tinggi', 3, '18:45:00', '2024-07-18'),
(28235, 24, 'Kota Tinggi', 4, '15:45:00', '2024-07-18'),
(28236, 25, 'Kota Tinggi', 4, '17:30:00', '2024-07-18'),
(28237, 25, 'Kota Tinggi', 6, '15:00:00', '2024-07-18'),
(28238, 26, 'Kota Tinggi', 5, '23:30:00', '2024-07-18'),
(28239, 26, 'Kota Tinggi', 6, '11:00:00', '2024-07-18'),
(28240, 27, 'Kota Tinggi', 2, '20:45:00', '2024-07-18'),
(28241, 27, 'Kota Tinggi', 4, '14:00:00', '2024-07-18'),
(28242, 28, 'Kota Tinggi', 6, '23:30:00', '2024-07-18'),
(28243, 29, 'Kota Tinggi', 1, '18:15:00', '2024-07-18'),
(28244, 29, 'Kota Tinggi', 2, '16:00:00', '2024-07-18'),
(28245, 29, 'Kota Tinggi', 5, '12:00:00', '2024-07-18'),
(28246, 30, 'Kota Tinggi', 2, '10:30:00', '2024-07-18'),
(28247, 30, 'Kota Tinggi', 5, '20:45:00', '2024-07-18'),
(28248, 31, 'Kota Tinggi', 3, '10:45:00', '2024-07-18'),
(28249, 33, 'Kota Tinggi', 1, '20:45:00', '2024-07-18'),
(28250, 33, 'Kota Tinggi', 4, '21:45:00', '2024-07-18'),
(28251, 39, 'Kota Tinggi', 6, '17:30:00', '2024-07-18'),
(28252, 21, 'Kota Tinggi', 1, '22:00:00', '2024-07-19'),
(28253, 21, 'Kota Tinggi', 2, '10:45:00', '2024-07-19'),
(28254, 21, 'Kota Tinggi', 3, '12:45:00', '2024-07-19'),
(28255, 22, 'Kota Tinggi', 2, '18:45:00', '2024-07-19'),
(28256, 22, 'Kota Tinggi', 4, '22:30:00', '2024-07-19'),
(28257, 22, 'Kota Tinggi', 5, '13:30:00', '2024-07-19'),
(28258, 23, 'Kota Tinggi', 2, '23:15:00', '2024-07-19'),
(28259, 23, 'Kota Tinggi', 3, '16:45:00', '2024-07-19'),
(28260, 23, 'Kota Tinggi', 4, '17:00:00', '2024-07-19'),
(28261, 24, 'Kota Tinggi', 1, '12:30:00', '2024-07-19'),
(28262, 24, 'Kota Tinggi', 2, '15:45:00', '2024-07-19'),
(28263, 24, 'Kota Tinggi', 3, '22:15:00', '2024-07-19'),
(28264, 25, 'Kota Tinggi', 3, '10:15:00', '2024-07-19'),
(28265, 25, 'Kota Tinggi', 6, '16:45:00', '2024-07-19'),
(28266, 26, 'Kota Tinggi', 4, '10:30:00', '2024-07-19'),
(28267, 26, 'Kota Tinggi', 5, '10:15:00', '2024-07-19'),
(28268, 26, 'Kota Tinggi', 6, '20:15:00', '2024-07-19'),
(28269, 27, 'Kota Tinggi', 5, '22:00:00', '2024-07-19'),
(28270, 28, 'Kota Tinggi', 6, '13:30:00', '2024-07-19'),
(28271, 29, 'Kota Tinggi', 1, '16:30:00', '2024-07-19'),
(28272, 29, 'Kota Tinggi', 5, '19:30:00', '2024-07-19'),
(28273, 30, 'Kota Tinggi', 5, '16:30:00', '2024-07-19'),
(28274, 33, 'Kota Tinggi', 1, '14:15:00', '2024-07-19'),
(28275, 36, 'Kota Tinggi', 2, '21:00:00', '2024-07-19'),
(28276, 39, 'Kota Tinggi', 1, '10:15:00', '2024-07-19'),
(28277, 21, 'Cameron Highlands', 1, '10:00:00', '2024-07-13'),
(28278, 21, 'Cameron Highlands', 2, '20:45:00', '2024-07-13'),
(28279, 21, 'Cameron Highlands', 3, '10:15:00', '2024-07-13'),
(28280, 22, 'Cameron Highlands', 1, '19:45:00', '2024-07-13'),
(28281, 22, 'Cameron Highlands', 2, '12:15:00', '2024-07-13'),
(28282, 22, 'Cameron Highlands', 3, '20:00:00', '2024-07-13'),
(28283, 23, 'Cameron Highlands', 3, '17:00:00', '2024-07-13'),
(28284, 23, 'Cameron Highlands', 4, '10:45:00', '2024-07-13'),
(28285, 23, 'Cameron Highlands', 5, '14:00:00', '2024-07-13'),
(28286, 24, 'Cameron Highlands', 1, '13:00:00', '2024-07-13'),
(28287, 24, 'Cameron Highlands', 2, '16:45:00', '2024-07-13'),
(28288, 24, 'Cameron Highlands', 5, '19:45:00', '2024-07-13'),
(28289, 25, 'Cameron Highlands', 1, '16:30:00', '2024-07-13'),
(28290, 25, 'Cameron Highlands', 6, '15:00:00', '2024-07-13'),
(28291, 26, 'Cameron Highlands', 4, '16:30:00', '2024-07-13'),
(28292, 26, 'Cameron Highlands', 6, '23:00:00', '2024-07-13'),
(28293, 27, 'Cameron Highlands', 4, '21:45:00', '2024-07-13'),
(28294, 27, 'Cameron Highlands', 5, '17:45:00', '2024-07-13'),
(28295, 28, 'Cameron Highlands', 5, '11:45:00', '2024-07-13'),
(28296, 28, 'Cameron Highlands', 6, '19:15:00', '2024-07-13'),
(28297, 29, 'Cameron Highlands', 5, '22:15:00', '2024-07-13'),
(28298, 29, 'Cameron Highlands', 6, '13:15:00', '2024-07-13'),
(28299, 30, 'Cameron Highlands', 3, '22:45:00', '2024-07-13'),
(28300, 32, 'Cameron Highlands', 1, '22:30:00', '2024-07-13'),
(28301, 35, 'Cameron Highlands', 3, '14:45:00', '2024-07-13'),
(28302, 37, 'Cameron Highlands', 4, '13:45:00', '2024-07-13'),
(28303, 39, 'Cameron Highlands', 6, '10:45:00', '2024-07-13'),
(28304, 21, 'Cameron Highlands', 1, '21:15:00', '2024-07-14'),
(28305, 21, 'Cameron Highlands', 2, '15:15:00', '2024-07-14'),
(28306, 21, 'Cameron Highlands', 3, '11:45:00', '2024-07-14'),
(28307, 22, 'Cameron Highlands', 2, '17:45:00', '2024-07-14'),
(28308, 22, 'Cameron Highlands', 3, '18:00:00', '2024-07-14'),
(28309, 22, 'Cameron Highlands', 4, '19:00:00', '2024-07-14'),
(28310, 23, 'Cameron Highlands', 1, '15:45:00', '2024-07-14'),
(28311, 23, 'Cameron Highlands', 2, '11:45:00', '2024-07-14'),
(28312, 23, 'Cameron Highlands', 3, '21:30:00', '2024-07-14'),
(28313, 24, 'Cameron Highlands', 3, '14:30:00', '2024-07-14'),
(28314, 24, 'Cameron Highlands', 5, '21:45:00', '2024-07-14'),
(28315, 24, 'Cameron Highlands', 6, '22:30:00', '2024-07-14'),
(28316, 25, 'Cameron Highlands', 4, '16:15:00', '2024-07-14'),
(28317, 25, 'Cameron Highlands', 5, '14:00:00', '2024-07-14'),
(28318, 25, 'Cameron Highlands', 6, '19:15:00', '2024-07-14'),
(28319, 26, 'Cameron Highlands', 2, '21:45:00', '2024-07-14'),
(28320, 27, 'Cameron Highlands', 5, '16:00:00', '2024-07-14'),
(28321, 28, 'Cameron Highlands', 1, '13:00:00', '2024-07-14'),
(28322, 28, 'Cameron Highlands', 4, '22:45:00', '2024-07-14'),
(28323, 28, 'Cameron Highlands', 6, '14:00:00', '2024-07-14'),
(28324, 29, 'Cameron Highlands', 4, '13:30:00', '2024-07-14'),
(28325, 29, 'Cameron Highlands', 5, '18:45:00', '2024-07-14'),
(28326, 29, 'Cameron Highlands', 6, '11:15:00', '2024-07-14'),
(28327, 30, 'Cameron Highlands', 1, '18:45:00', '2024-07-14'),
(28328, 30, 'Cameron Highlands', 4, '10:15:00', '2024-07-14'),
(28329, 31, 'Cameron Highlands', 5, '11:45:00', '2024-07-14'),
(28330, 31, 'Cameron Highlands', 6, '16:00:00', '2024-07-14'),
(28331, 37, 'Cameron Highlands', 1, '23:30:00', '2024-07-14'),
(28332, 37, 'Cameron Highlands', 3, '10:00:00', '2024-07-14'),
(28333, 21, 'Cameron Highlands', 1, '21:00:00', '2024-07-15'),
(28334, 21, 'Cameron Highlands', 2, '13:00:00', '2024-07-15'),
(28335, 21, 'Cameron Highlands', 3, '12:45:00', '2024-07-15'),
(28336, 22, 'Cameron Highlands', 1, '15:45:00', '2024-07-15'),
(28337, 22, 'Cameron Highlands', 2, '22:45:00', '2024-07-15'),
(28338, 22, 'Cameron Highlands', 3, '16:15:00', '2024-07-15'),
(28339, 23, 'Cameron Highlands', 4, '21:30:00', '2024-07-15'),
(28340, 23, 'Cameron Highlands', 5, '18:30:00', '2024-07-15'),
(28341, 23, 'Cameron Highlands', 6, '11:15:00', '2024-07-15'),
(28342, 24, 'Cameron Highlands', 1, '13:15:00', '2024-07-15'),
(28343, 24, 'Cameron Highlands', 2, '17:00:00', '2024-07-15'),
(28344, 24, 'Cameron Highlands', 4, '17:45:00', '2024-07-15'),
(28345, 25, 'Cameron Highlands', 2, '19:30:00', '2024-07-15'),
(28346, 25, 'Cameron Highlands', 3, '20:00:00', '2024-07-15'),
(28347, 25, 'Cameron Highlands', 4, '10:30:00', '2024-07-15'),
(28348, 26, 'Cameron Highlands', 1, '11:00:00', '2024-07-15'),
(28349, 26, 'Cameron Highlands', 6, '23:15:00', '2024-07-15'),
(28350, 27, 'Cameron Highlands', 5, '16:30:00', '2024-07-15'),
(28351, 27, 'Cameron Highlands', 6, '15:15:00', '2024-07-15'),
(28352, 28, 'Cameron Highlands', 5, '14:00:00', '2024-07-15'),
(28353, 31, 'Cameron Highlands', 2, '10:30:00', '2024-07-15'),
(28354, 32, 'Cameron Highlands', 6, '17:00:00', '2024-07-15'),
(28355, 34, 'Cameron Highlands', 3, '22:15:00', '2024-07-15'),
(28356, 34, 'Cameron Highlands', 4, '19:30:00', '2024-07-15'),
(28357, 35, 'Cameron Highlands', 5, '22:30:00', '2024-07-15'),
(28358, 38, 'Cameron Highlands', 4, '14:45:00', '2024-07-15'),
(28359, 21, 'Cameron Highlands', 1, '22:45:00', '2024-07-16'),
(28360, 21, 'Cameron Highlands', 2, '12:30:00', '2024-07-16'),
(28361, 21, 'Cameron Highlands', 3, '14:45:00', '2024-07-16'),
(28362, 22, 'Cameron Highlands', 1, '18:00:00', '2024-07-16'),
(28363, 22, 'Cameron Highlands', 2, '22:00:00', '2024-07-16'),
(28364, 22, 'Cameron Highlands', 3, '20:30:00', '2024-07-16'),
(28365, 23, 'Cameron Highlands', 1, '10:15:00', '2024-07-16'),
(28366, 23, 'Cameron Highlands', 4, '21:15:00', '2024-07-16'),
(28367, 23, 'Cameron Highlands', 5, '15:15:00', '2024-07-16'),
(28368, 24, 'Cameron Highlands', 2, '16:00:00', '2024-07-16'),
(28369, 24, 'Cameron Highlands', 3, '11:30:00', '2024-07-16'),
(28370, 24, 'Cameron Highlands', 4, '11:45:00', '2024-07-16'),
(28371, 25, 'Cameron Highlands', 4, '17:45:00', '2024-07-16'),
(28372, 25, 'Cameron Highlands', 5, '21:15:00', '2024-07-16'),
(28373, 25, 'Cameron Highlands', 6, '15:45:00', '2024-07-16'),
(28374, 26, 'Cameron Highlands', 6, '13:00:00', '2024-07-16'),
(28375, 27, 'Cameron Highlands', 1, '13:15:00', '2024-07-16'),
(28376, 27, 'Cameron Highlands', 4, '14:30:00', '2024-07-16'),
(28377, 28, 'Cameron Highlands', 1, '15:30:00', '2024-07-16'),
(28378, 28, 'Cameron Highlands', 2, '20:00:00', '2024-07-16'),
(28379, 28, 'Cameron Highlands', 5, '13:15:00', '2024-07-16'),
(28380, 30, 'Cameron Highlands', 1, '20:15:00', '2024-07-16'),
(28381, 30, 'Cameron Highlands', 6, '20:30:00', '2024-07-16'),
(28382, 32, 'Cameron Highlands', 5, '23:30:00', '2024-07-16'),
(28383, 34, 'Cameron Highlands', 5, '10:15:00', '2024-07-16'),
(28384, 36, 'Cameron Highlands', 3, '22:45:00', '2024-07-16'),
(28385, 36, 'Cameron Highlands', 4, '10:00:00', '2024-07-16'),
(28386, 36, 'Cameron Highlands', 5, '19:15:00', '2024-07-16'),
(28387, 38, 'Cameron Highlands', 3, '17:00:00', '2024-07-16'),
(28388, 40, 'Cameron Highlands', 6, '23:00:00', '2024-07-16'),
(28389, 21, 'Cameron Highlands', 1, '11:00:00', '2024-07-17'),
(28390, 21, 'Cameron Highlands', 2, '10:00:00', '2024-07-17'),
(28391, 21, 'Cameron Highlands', 3, '22:30:00', '2024-07-17'),
(28392, 22, 'Cameron Highlands', 1, '16:45:00', '2024-07-17'),
(28393, 22, 'Cameron Highlands', 2, '18:15:00', '2024-07-17'),
(28394, 22, 'Cameron Highlands', 3, '13:00:00', '2024-07-17'),
(28395, 23, 'Cameron Highlands', 4, '20:45:00', '2024-07-17'),
(28396, 23, 'Cameron Highlands', 5, '11:45:00', '2024-07-17'),
(28397, 23, 'Cameron Highlands', 6, '15:30:00', '2024-07-17'),
(28398, 24, 'Cameron Highlands', 2, '16:30:00', '2024-07-17'),
(28399, 24, 'Cameron Highlands', 4, '13:45:00', '2024-07-17'),
(28400, 24, 'Cameron Highlands', 5, '21:45:00', '2024-07-17'),
(28401, 25, 'Cameron Highlands', 3, '19:30:00', '2024-07-17'),
(28402, 25, 'Cameron Highlands', 6, '18:30:00', '2024-07-17'),
(28403, 26, 'Cameron Highlands', 4, '16:15:00', '2024-07-17'),
(28404, 26, 'Cameron Highlands', 6, '22:15:00', '2024-07-17'),
(28405, 27, 'Cameron Highlands', 5, '16:45:00', '2024-07-17'),
(28406, 28, 'Cameron Highlands', 1, '22:30:00', '2024-07-17'),
(28407, 28, 'Cameron Highlands', 4, '10:45:00', '2024-07-17'),
(28408, 29, 'Cameron Highlands', 2, '20:45:00', '2024-07-17'),
(28409, 29, 'Cameron Highlands', 5, '14:45:00', '2024-07-17'),
(28410, 29, 'Cameron Highlands', 6, '13:15:00', '2024-07-17'),
(28411, 30, 'Cameron Highlands', 1, '20:00:00', '2024-07-17'),
(28412, 32, 'Cameron Highlands', 3, '15:15:00', '2024-07-17'),
(28413, 33, 'Cameron Highlands', 2, '13:00:00', '2024-07-17'),
(28414, 35, 'Cameron Highlands', 2, '22:30:00', '2024-07-17'),
(28415, 37, 'Cameron Highlands', 3, '11:00:00', '2024-07-17'),
(28416, 38, 'Cameron Highlands', 1, '14:15:00', '2024-07-17'),
(28417, 39, 'Cameron Highlands', 5, '23:30:00', '2024-07-17'),
(28418, 21, 'Cameron Highlands', 1, '18:30:00', '2024-07-18'),
(28419, 21, 'Cameron Highlands', 2, '18:00:00', '2024-07-18'),
(28420, 21, 'Cameron Highlands', 3, '18:15:00', '2024-07-18'),
(28421, 22, 'Cameron Highlands', 2, '11:00:00', '2024-07-18'),
(28422, 22, 'Cameron Highlands', 3, '23:00:00', '2024-07-18'),
(28423, 22, 'Cameron Highlands', 4, '18:15:00', '2024-07-18'),
(28424, 23, 'Cameron Highlands', 1, '21:15:00', '2024-07-18'),
(28425, 23, 'Cameron Highlands', 3, '12:15:00', '2024-07-18'),
(28426, 23, 'Cameron Highlands', 4, '22:30:00', '2024-07-18'),
(28427, 24, 'Cameron Highlands', 2, '21:15:00', '2024-07-18'),
(28428, 24, 'Cameron Highlands', 4, '10:00:00', '2024-07-18'),
(28429, 24, 'Cameron Highlands', 5, '12:00:00', '2024-07-18'),
(28430, 25, 'Cameron Highlands', 5, '18:15:00', '2024-07-18'),
(28431, 25, 'Cameron Highlands', 6, '20:15:00', '2024-07-18'),
(28432, 26, 'Cameron Highlands', 1, '10:15:00', '2024-07-18'),
(28433, 26, 'Cameron Highlands', 6, '14:30:00', '2024-07-18'),
(28434, 27, 'Cameron Highlands', 1, '15:45:00', '2024-07-18'),
(28435, 27, 'Cameron Highlands', 3, '15:15:00', '2024-07-18'),
(28436, 27, 'Cameron Highlands', 4, '14:15:00', '2024-07-18'),
(28437, 28, 'Cameron Highlands', 2, '23:15:00', '2024-07-18'),
(28438, 28, 'Cameron Highlands', 5, '21:15:00', '2024-07-18'),
(28439, 28, 'Cameron Highlands', 6, '23:00:00', '2024-07-18'),
(28440, 29, 'Cameron Highlands', 2, '16:15:00', '2024-07-18'),
(28441, 29, 'Cameron Highlands', 5, '23:15:00', '2024-07-18'),
(28442, 30, 'Cameron Highlands', 6, '11:30:00', '2024-07-18'),
(28443, 33, 'Cameron Highlands', 4, '11:45:00', '2024-07-18'),
(28444, 37, 'Cameron Highlands', 3, '10:15:00', '2024-07-18');
INSERT INTO `showtimes` (`id`, `movie_id`, `branch`, `hall`, `show_time`, `show_date`) VALUES
(28445, 39, 'Cameron Highlands', 5, '15:30:00', '2024-07-18'),
(28446, 40, 'Cameron Highlands', 6, '17:45:00', '2024-07-18'),
(28447, 21, 'Cameron Highlands', 1, '18:45:00', '2024-07-19'),
(28448, 21, 'Cameron Highlands', 2, '14:00:00', '2024-07-19'),
(28449, 21, 'Cameron Highlands', 3, '16:15:00', '2024-07-19'),
(28450, 22, 'Cameron Highlands', 1, '22:15:00', '2024-07-19'),
(28451, 22, 'Cameron Highlands', 2, '11:00:00', '2024-07-19'),
(28452, 22, 'Cameron Highlands', 3, '20:15:00', '2024-07-19'),
(28453, 23, 'Cameron Highlands', 2, '21:15:00', '2024-07-19'),
(28454, 23, 'Cameron Highlands', 3, '13:15:00', '2024-07-19'),
(28455, 23, 'Cameron Highlands', 4, '21:00:00', '2024-07-19'),
(28456, 24, 'Cameron Highlands', 2, '19:00:00', '2024-07-19'),
(28457, 24, 'Cameron Highlands', 5, '20:15:00', '2024-07-19'),
(28458, 24, 'Cameron Highlands', 6, '16:15:00', '2024-07-19'),
(28459, 25, 'Cameron Highlands', 4, '13:15:00', '2024-07-19'),
(28460, 25, 'Cameron Highlands', 6, '23:00:00', '2024-07-19'),
(28461, 26, 'Cameron Highlands', 1, '15:15:00', '2024-07-19'),
(28462, 26, 'Cameron Highlands', 6, '19:45:00', '2024-07-19'),
(28463, 27, 'Cameron Highlands', 4, '11:15:00', '2024-07-19'),
(28464, 27, 'Cameron Highlands', 6, '12:45:00', '2024-07-19'),
(28465, 28, 'Cameron Highlands', 1, '10:15:00', '2024-07-19'),
(28466, 28, 'Cameron Highlands', 5, '16:45:00', '2024-07-19'),
(28467, 29, 'Cameron Highlands', 3, '10:30:00', '2024-07-19'),
(28468, 29, 'Cameron Highlands', 5, '10:00:00', '2024-07-19'),
(28469, 30, 'Cameron Highlands', 1, '12:15:00', '2024-07-19'),
(28470, 31, 'Cameron Highlands', 4, '18:00:00', '2024-07-19'),
(28471, 33, 'Cameron Highlands', 5, '22:45:00', '2024-07-19'),
(28472, 35, 'Cameron Highlands', 2, '16:45:00', '2024-07-19'),
(28473, 35, 'Cameron Highlands', 5, '12:00:00', '2024-07-19'),
(28474, 37, 'Cameron Highlands', 3, '22:30:00', '2024-07-19'),
(28475, 40, 'Cameron Highlands', 6, '10:45:00', '2024-07-19');

-- --------------------------------------------------------

--
-- Table structure for table `user`
--

CREATE TABLE `user` (
  `user_id` int(11) NOT NULL,
  `password` varchar(255) NOT NULL,
  `email` varchar(100) NOT NULL,
  `full_name` varchar(100) NOT NULL,
  `role` varchar(10) NOT NULL,
  `date_of_birth` date NOT NULL,
  `phone_number` varchar(20) NOT NULL,
  `registration_date` timestamp NOT NULL DEFAULT current_timestamp()
) ENGINE=InnoDB DEFAULT CHARSET=utf8mb4 COLLATE=utf8mb4_general_ci;

--
-- Dumping data for table `user`
--

INSERT INTO `user` (`user_id`, `password`, `email`, `full_name`, `role`, `date_of_birth`, `phone_number`, `registration_date`) VALUES
('$2y$10$Sb9mhT9zpnLKje60iiv36O2q3yXM4lcur0Of8dYrAgwPLfG2zc1KG', 'skylimsk@hotmail.com', 'Sky', 'user', '2002-07-29', '011-5428 5809', '2024-07-13 07:15:21'),
    ('$2y$10$GUA4etug5ZAa4rjHT4aGhelgJbzzsMAu.MG7w..J8ZmxSHmuo1jti', 'admin@gmail.com', 'Azman Ahmad', 'admin', '1990-01-01', '018-312 4878', '2024-04-01 12:00:00'),
    ('$2y$10$GUA4etug5ZAa4rjHT4aGhelgJbzzsMAu.MG7w..J8ZmxSHmuo1jti', 'azman.ahmad@example.com', 'Azman Ahmad', 'user', '1990-01-01', '018-312 4878', '2024-04-01 12:00:00'),
    ('$2y$10$GUA4etug5ZAa4rjHT4aGhelgJbzzsMAu.MG7w..J8ZmxSHmuo1jti', 'nurul.safina@example.com', 'Nurul Safina', 'user', '1991-02-02', '018-312 4879', '2024-04-05 14:00:00'),
    ('$2y$10$GUA4etug5ZAa4rjHT4aGhelgJbzzsMAu.MG7w..J8ZmxSHmuo1jti', 'mohd.hafiz@example.com', 'Mohd Hafiz', 'user', '1992-03-03', '018-312 4880', '2024-04-10 10:30:00'),
    ('$2y$10$GUA4etug5ZAa4rjHT4aGhelgJbzzsMAu.MG7w..J8ZmxSHmuo1jti', 'siti.zarina@example.com', 'Siti Zarina', 'user', '1993-04-04', '018-312 4881', '2024-04-15 09:00:00'),
    ('$2y$10$GUA4etug5ZAa4rjHT4aGhelgJbzzsMAu.MG7w..J8ZmxSHmuo1jti', 'ahmad.firdaus@example.com', 'Ahmad Firdaus', 'user', '1994-05-05', '018-312 4882', '2024-04-20 11:00:00'),
    ('$2y$10$GUA4etug5ZAa4rjHT4aGhelgJbzzsMAu.MG7w..J8ZmxSHmuo1jti', 'nur.aini@example.com', 'Nur Aini', 'user', '1995-06-06', '018-312 4883', '2024-04-25 15:45:00'),
    ('$2y$10$GUA4etug5ZAa4rjHT4aGhelgJbzzsMAu.MG7w..J8ZmxSHmuo1jti', 'faizal.rashid@example.com', 'Faizal Rashid', 'user', '1996-07-07', '018-312 4884', '2024-04-30 17:30:00'),
    ('$2y$10$GUA4etug5ZAa4rjHT4aGhelgJbzzsMAu.MG7w..J8ZmxSHmuo1jti', 'syazana.aziz@example.com', 'Syazana Aziz', 'user', '1997-08-08', '018-312 4885', '2024-05-05 08:20:00'),
    ('$2y$10$GUA4etug5ZAa4rjHT4aGhelgJbzzsMAu.MG7w..J8ZmxSHmuo1jti', 'hafizah.baharudin@example.com', 'Hafizah Baharudin', 'user', '1998-09-09', '018-312 4886', '2024-05-10 14:50:00'),
    ('$2y$10$GUA4etug5ZAa4rjHT4aGhelgJbzzsMAu.MG7w..J8ZmxSHmuo1jti', 'shahril.ismail@example.com', 'Shahril Ismail', 'user', '1999-10-10', '018-312 4887', '2024-05-15 12:15:00'),
    ('$2y$10$GUA4etug5ZAa4rjHT4aGhelgJbzzsMAu.MG7w..J8ZmxSHmuo1jti', 'fatin.azhar@example.com', 'Fatin Azhar', 'user', '2000-11-11', '018-312 4888', '2024-05-20 13:00:00'),
    ('$2y$10$GUA4etug5ZAa4rjHT4aGhelgJbzzsMAu.MG7w..J8ZmxSHmuo1jti', 'farid.rahman@example.com', 'Farid Rahman', 'user', '2001-12-12', '018-312 4889', '2024-05-25 16:30:00'),
    ('$2y$10$GUA4etug5ZAa4rjHT4aGhelgJbzzsMAu.MG7w..J8ZmxSHmuo1jti', 'aisyah.hasan@example.com', 'Aisyah Hasan', 'user', '2002-01-13', '018-312 4890', '2024-06-01 10:00:00'),
    ('$2y$10$GUA4etug5ZAa4rjHT4aGhelgJbzzsMAu.MG7w..J8ZmxSHmuo1jti', 'zulhilmi.azman@example.com', 'Zulhilmi Azman', 'user', '2003-02-14', '018-312 4891', '2024-06-05 11:00:00'),
    ('$2y$10$GUA4etug5ZAa4rjHT4aGhelgJbzzsMAu.MG7w..J8ZmxSHmuo1jti', 'nadia.rahim@example.com', 'Nadia Rahim', 'user', '2004-03-15', '018-312 4892', '2024-06-10 12:00:00'),
    ('$2y$10$GUA4etug5ZAa4rjHT4aGhelgJbzzsMAu.MG7w..J8ZmxSHmuo1jti', 'rashid.salleh@example.com', 'Rashid Salleh', 'user', '2005-04-16', '018-312 4893', '2024-06-15 13:00:00'),
    ('$2y$10$GUA4etug5ZAa4rjHT4aGhelgJbzzsMAu.MG7w..J8ZmxSHmuo1jti', 'julia.hassan@example.com', 'Julia Hassan', 'user', '2006-05-17', '018-312 4894', '2024-06-20 14:00:00'),
    ('$2y$10$GUA4etug5ZAa4rjHT4aGhelgJbzzsMAu.MG7w..J8ZmxSHmuo1jti', 'ali.hussin@example.com', 'Ali Hussin', 'user', '2007-06-18', '018-312 4895', '2024-06-25 15:00:00'),
    ('$2y$10$GUA4etug5ZAa4rjHT4aGhelgJbzzsMAu.MG7w..J8ZmxSHmuo1jti', 'zahira.kassim@example.com', 'Zahira Kassim', 'user', '2008-07-19', '018-312 4896', '2024-07-01 16:00:00'),
    ('$2y$10$GUA4etug5ZAa4rjHT4aGhelgJbzzsMAu.MG7w..J8ZmxSHmuo1jti', 'arif.zain@example.com', 'Arif Zain', 'user', '2009-08-20', '018-312 4897', '2024-07-05 17:00:00');

--
-- Indexes for dumped tables
--

--
-- Indexes for table `bookings`
--
ALTER TABLE `bookings`
  ADD PRIMARY KEY (`booking_id`),
  ADD KEY `user_id` (`user_id`),
  ADD KEY `movie_id` (`movie_id`);

--
-- Indexes for table `booking_details`
--
ALTER TABLE `booking_details`
  ADD PRIMARY KEY (`detail_id`),
  ADD KEY `booking_id` (`booking_id`);

--
-- Indexes for table `branches`
--
ALTER TABLE `branches`
  ADD PRIMARY KEY (`branch_id`);

--
-- Indexes for table `movies`
--
ALTER TABLE `movies`
  ADD PRIMARY KEY (`id`);

--
-- Indexes for table `showtimes`
--
ALTER TABLE `showtimes`
  ADD PRIMARY KEY (`id`),
  ADD KEY `movie_id` (`movie_id`);

--
-- Indexes for table `user`
--
ALTER TABLE `user`
  ADD PRIMARY KEY (`user_id`),
  ADD UNIQUE KEY `email` (`email`);

ALTER TABLE `bookings`
  MODIFY `booking_id` int(11) NOT NULL AUTO_INCREMENT, AUTO_INCREMENT=12;

ALTER TABLE `booking_details`
  MODIFY `detail_id` int(11) NOT NULL AUTO_INCREMENT, AUTO_INCREMENT=31;

ALTER TABLE `branches`
  MODIFY `branch_id` int(11) NOT NULL AUTO_INCREMENT, AUTO_INCREMENT=6;

ALTER TABLE `movies`
  MODIFY `id` int(11) NOT NULL AUTO_INCREMENT, AUTO_INCREMENT=41;

ALTER TABLE `showtimes`
  MODIFY `id` int(11) NOT NULL AUTO_INCREMENT, AUTO_INCREMENT=28476;

ALTER TABLE `user`
  MODIFY `user_id` int(11) NOT NULL AUTO_INCREMENT, AUTO_INCREMENT=2;

ALTER TABLE `bookings`
  ADD CONSTRAINT `bookings_ibfk_1` FOREIGN KEY (`user_id`) REFERENCES `user` (`user_id`) ON DELETE CASCADE ON UPDATE CASCADE,
  ADD CONSTRAINT `bookings_ibfk_2` FOREIGN KEY (`movie_id`) REFERENCES `movies` (`id`) ON DELETE CASCADE ON UPDATE CASCADE;

ALTER TABLE `booking_details`
  ADD CONSTRAINT `booking_details_ibfk_1` FOREIGN KEY (`booking_id`) REFERENCES `bookings` (`booking_id`) ON DELETE CASCADE ON UPDATE CASCADE;

ALTER TABLE `showtimes`
  ADD CONSTRAINT `showtimes_ibfk_1` FOREIGN KEY (`movie_id`) REFERENCES `movies` (`id`);
COMMIT;

